first_name,last_name,gender,wealth_segment,address,postcode,state,age,predicted_segment
Chickie,Brister,Male,Mass Customer,45 Shopko Center,4500,QLD,66,platinum
Morly,Genery,Male,Mass Customer,14 Mccormick Park,2113,NSW,53,bronze
Ardelis,Forrester,Female,Affluent Customer,5 Colorado Crossing,3505,VIC,49,basic
Lucine,Stutt,Female,Affluent Customer,207 Annamark Plaza,4814,QLD,44,bronze
Melinda,Hadlee,Female,Affluent Customer,115 Montana Place,2093,NSW,58,bronze
Druci,Brandli,Female,High Net Worth,89105 Pearson Terrace,4075,QLD,72,silver
Rutledge,Hallt,Male,Mass Customer,7 Nevada Crossing,2620,NSW,47,gold
Nancie,Vian,Female,Mass Customer,85 Carioca Point,4814,QLD,50,basic
Duff,Karlowicz,Male,Mass Customer,717 West Drive,2200,NSW,51,bronze
Barthel,Docket,Male,Mass Customer,80 Scofield Junction,4151,QLD,38,bronze
Rockwell,Matson,Male,High Net Worth,3682 Crowley Point,4573,QLD,28,silver
Wheeler,Winward,Male,Mass Customer,3 Golden Leaf Point,3216,VIC,24,basic
Olag,,Male,Mass Customer,0484 North Avenue,2032,NSW,33,basic
Melba,Spellacy,Female,Mass Customer,0591 Anzinger Circle,2232,NSW,46,basic
Mandie,Feares,Female,Mass Customer,39 Kedzie Pass,4053,QLD,59,silver
Dukie,Swire,Male,Affluent Customer,64 Granby Parkway,2500,NSW,69,basic
Marcelia,Monkleigh,Female,Mass Customer,610 Swallow Street,4051,QLD,30,silver
Winnifred,Beswetherick,Female,Mass Customer,61 4th Street,3040,VIC,47,basic
Odilia,Quick,Female,Affluent Customer,1550 Russell Way,2222,NSW,84,basic
Karly,Willavize,Female,High Net Worth,193 North Point,2190,NSW,69,platinum
Teddie,Burchill,Male,Mass Customer,321 Raven Plaza,2161,NSW,54,bronze
Gaston,Dallaghan,Male,Mass Customer,656 Fuller Street,2783,NSW,30,silver
Otis,Ottey,Male,Mass Customer,1562 Merchant Street,4744,QLD,25,silver
Tabbatha,Averill,Female,Affluent Customer,663 8th Parkway,2257,NSW,45,silver
Brena,Schnitter,Female,Mass Customer,67 Shelley Street,4703,QLD,41,basic
Rourke,Gillbard,Male,Mass Customer,75 Cordelia Trail,4817,QLD,78,platinum
Dyane,Burwell,Female,Mass Customer,51 Hooker Court,2640,NSW,71,gold
Claudine,Barstowk,Female,High Net Worth,1859 Forest Circle,4000,QLD,57,silver
Blinnie,Roze,Female,High Net Worth,44557 Rutledge Court,4171,QLD,62,bronze
Rhona,De Freyne,Female,High Net Worth,11184 East Drive,3056,VIC,62,gold
Sharron,Claibourn,Female,High Net Worth,555 Hermina Avenue,2280,NSW,43,basic
Brien,Heaton,Male,Mass Customer,8 Novick Trail,2470,NSW,71,gold
Sybilla,MacCart,Female,Mass Customer,74 Welch Pass,2620,NSW,36,gold
Mikel,McNess,Male,Mass Customer,3 Pleasure Drive,4122,QLD,42,bronze
Maisie,Maddox,Female,Affluent Customer,8 Dennis Point,3226,VIC,46,bronze
Arleen,Casbolt,Female,Affluent Customer,41042 Lotheville Crossing,4817,QLD,48,gold
Farlie,Petford,Male,High Net Worth,2330 Butternut Trail,2017,NSW,55,basic
Mitchell,MacCague,Male,Mass Customer,240 Acker Avenue,3190,VIC,44,bronze
Garik,Whitwell,Male,Mass Customer,04 Dexter Way,3280,VIC,68,basic
Antonin,Britt,Male,Affluent Customer,011 Northland Trail,2160,NSW,30,silver
Vinny,Incogna,Female,High Net Worth,8 Grayhawk Circle,2756,NSW,70,bronze
Colene,Fishleigh,Female,Mass Customer,44 Darwin Lane,3149,VIC,38,gold
Neile,Argent,Female,Mass Customer,2548 Arrowood Pass,2024,NSW,77,basic
Corinna,Suggey,Female,Affluent Customer,938 Ilene Road,2761,NSW,57,bronze
Brooke,Arling,Male,High Net Worth,6 Melby Center,3027,VIC,61,basic
Gipsy,Ewestace,Female,High Net Worth,08708 Moulton Park,2034,NSW,67,gold
Sheena,Kybbye,Female,Affluent Customer,306 Clemons Junction,4852,QLD,67,gold
Jobina,Gobourn,Female,High Net Worth,18 Grim Road,4305,QLD,28,basic
Gale,Disbrow,Female,Mass Customer,169 Bashford Drive,3741,VIC,46,silver
Thaxter,Kingsbury,Male,Mass Customer,3 Vermont Lane,2067,NSW,73,gold
Heinrick,Shilstone,Male,Affluent Customer,998 Gale Park,3174,VIC,45,bronze
Taylor,Steuhlmeyer,Male,Affluent Customer,64 Mcguire Trail,4017,QLD,24,silver
Griswold,Kelsall,Male,High Net Worth,74127 Blaine Point,3805,VIC,29,gold
Odessa,Mc Andrew,Female,Mass Customer,31756 Meadow Valley Lane,2232,NSW,41,gold
Lavena,Seekings,Female,Mass Customer,293 Mayfield Street,3166,VIC,28,gold
Martelle,Tuppeny,Female,Mass Customer,261 Grayhawk Way,2226,NSW,42,silver
Briant,Ladley,Male,Mass Customer,2 Schlimgen Terrace,2750,NSW,43,gold
Marylou,Kirkup,Female,Mass Customer,76733 Sunbrook Terrace,3196,VIC,50,gold
Whittaker,,Male,Mass Customer,683 Florence Way,3156,VIC,57,silver
Lorrie,Antonelli,Male,High Net Worth,06936 Bobwhite Circle,2257,NSW,40,basic
Jedediah,Kedie,Male,Mass Customer,283 Acker Drive,2763,NSW,51,basic
Kaine,Smallcombe,Male,High Net Worth,9 Mosinee Parkway,2072,NSW,81,basic
Loise,Iltchev,Female,High Net Worth,45 Becker Place,4504,QLD,56,silver
Cristen,Maroney,Female,High Net Worth,27 Karstens Crossing,4214,QLD,23,silver
Dorothy,Barnardo,Female,High Net Worth,9630 Cottonwood Avenue,2168,NSW,40,basic
Rosmunda,Duxbarry,Female,Affluent Customer,989 Graedel Terrace,4208,QLD,27,gold
Rozamond,Riha,Female,Affluent Customer,76 Bartelt Center,4078,QLD,39,silver
Gunner,Petti,Male,High Net Worth,29778 Mendota Drive,4036,QLD,24,silver
Vivienne,Crayden,Female,High Net Worth,69 Algoma Center,4173,QLD,35,bronze
Sherilyn,Canero,Female,High Net Worth,8288 Lyons Way,2484,NSW,27,gold
Bessie,Roscow,Female,Mass Customer,4185 Florence Trail,2121,NSW,29,basic
Kevina,Ferandez,Female,High Net Worth,9608 Heffernan Drive,4068,QLD,24,basic
Yancy,Clementet,Male,High Net Worth,9 Union Center,2147,NSW,55,gold
Mabelle,Wellbelove,Female,Affluent Customer,800 Emmet Park,2219,NSW,65,basic
Hasheem,Groucock,Male,High Net Worth,12351 Spenser Pass,2034,NSW,49,silver
Tobias,Woodhams,Male,Mass Customer,4 Valley Edge Plaza,2759,NSW,62,silver
Glennis,Flintoff,Female,Affluent Customer,1601 Rutledge Lane,3030,VIC,67,gold
Chanda,Mensler,Female,Mass Customer,0 Mockingbird Plaza,2212,NSW,51,silver
Katheryn,Kinner,Female,High Net Worth,1665 Kenwood Center,2518,NSW,49,gold
Sumner,Carrivick,Male,Mass Customer,5 4th Center,2097,NSW,28,silver
Valerie,Pickover,Female,Mass Customer,92214 Spenser Road,2756,NSW,58,gold
Esther,Rooson,Female,Mass Customer,5186 Main Trail,2046,NSW,42,bronze
Gardie,Crellim,Male,High Net Worth,564 Forest Dale Avenue,3161,VIC,48,silver
Sean,O'Loughlin,Male,High Net Worth,83 Old Gate Point,2576,NSW,62,silver
Pietra,Buckleigh,Female,High Net Worth,387 Dixon Alley,2024,NSW,74,bronze
Marysa,Rouchy,Female,Affluent Customer,411 Twin Pines Way,2026,NSW,24,basic
Kahaleel,,Male,High Net Worth,12 Arapahoe Park,2035,NSW,80,basic
Ossie,Midden,Male,Mass Customer,4915 Debra Center,2479,NSW,73,silver
Sid,Carlone,Male,Affluent Customer,76 Sunnyside Avenue,4670,QLD,52,basic
Ludovico,Juster,Male,Affluent Customer,1 Talisman Avenue,2125,NSW,31,gold
Patricia,Everix,Female,Mass Customer,91164 Washington Terrace,2263,NSW,45,gold
Andromache,Bonafacino,Female,Mass Customer,74 Carpenter Street,2015,NSW,46,basic
Levy,Abramamov,Male,Affluent Customer,6776 Anderson Center,4037,QLD,71,basic
Nobe,McAughtry,Male,Mass Customer,1 Orin Hill,4510,QLD,44,bronze
Jehu,Prestedge,Male,High Net Worth,88 Annamark Avenue,2138,NSW,24,basic
Symon,Mawne,Male,Mass Customer,37439 High Crossing Circle,3350,VIC,80,bronze
Karlik,Penchen,Male,Mass Customer,5 Nevada Point,4017,QLD,28,silver
Bengt,Bilson,Male,High Net Worth,67 Grayhawk Circle,2232,NSW,50,basic
Evangelin,Boc,Female,High Net Worth,0 Meadow Ridge Street,3173,VIC,23,basic
Hanny,Treven,Female,Mass Customer,5 Quincy Street,4118,QLD,32,basic
Gina,Mallon,Female,Mass Customer,13025 Johnson Plaza,4670,QLD,29,silver
Reynold,Elman,Male,Mass Customer,966 Sunnyside Center,2390,NSW,83,silver
Flossy,Concannon,Female,Affluent Customer,802 Mallory Park,3919,VIC,43,basic
Cristen,Wiltshire,Female,High Net Worth,93 Judy Drive,3047,VIC,62,silver
Griffith,Escot,Male,Mass Customer,94 Manitowish Court,4116,QLD,77,gold
Jamie,Jiruca,Female,Mass Customer,5013 Erie Crossing,2230,NSW,60,bronze
Lyon,Brittan,Male,High Net Worth,540 Sachs Road,3153,VIC,51,bronze
Aridatha,Sephton,Female,Mass Customer,422 Forster Circle,2340,NSW,62,silver
Michal,Bryan,Female,Mass Customer,4275 Bluestem Pass,4000,QLD,53,silver
Franciska,Stigell,Female,Mass Customer,6 Anderson Junction,3802,VIC,54,silver
Jordan,Clampe,Male,Mass Customer,276 Westend Road,4207,QLD,83,gold
David,Napoleon,Male,High Net Worth,69 Garrison Point,2223,NSW,61,basic
Meriel,Tapp,Female,Mass Customer,65 Milwaukee Hill,3280,VIC,28,bronze
Dolley,Starmont,Female,Affluent Customer,4252 Dovetail Pass,4129,QLD,45,bronze
Frederik,Milan,Male,Mass Customer,56 Riverside Street,2546,NSW,25,silver
Rollo,Louedey,Male,Affluent Customer,7 Cascade Park,2089,NSW,77,silver
Jerrine,Cosbey,Female,High Net Worth,29307 Russell Avenue,3094,VIC,45,bronze
Roddy,Rubinshtein,Male,Mass Customer,3 Mcguire Crossing,4510,QLD,36,basic
Viki,Coutts,Female,Mass Customer,6 Golf View Alley,2287,NSW,70,silver
Ashby,Bispham,Male,Affluent Customer,83716 Russell Lane,2145,NSW,42,silver
Alexander,Broadbent,Male,Mass Customer,265 Stephen Trail,2209,NSW,26,bronze
Teddy,Lagadu,Female,High Net Worth,2 Charing Cross Trail,2759,NSW,54,bronze
Peria,Rantoull,Female,Mass Customer,8350 Moulton Terrace,4500,QLD,48,bronze
Ludvig,Andren,Male,High Net Worth,578 Waywood Circle,4306,QLD,82,basic
Elsworth,Abbitt,Male,Mass Customer,9722 Northport Way,3500,VIC,67,basic
Rebeca,Aggas,Female,Affluent Customer,7026 Katie Lane,3818,VIC,70,silver
Ricki,Dobrowski,Male,Mass Customer,8 Eggendart Pass,2835,NSW,48,silver
Georgetta,Lovett,Female,Mass Customer,1 Bluejay Place,4405,QLD,83,basic
Bambi,Cogger,Female,Affluent Customer,28970 Monument Lane,2560,NSW,33,bronze
Aurie,Rhead,Female,Affluent Customer,235 Mendota Court,2650,NSW,61,bronze
Farris,Skettles,Male,Mass Customer,49309 Redwing Lane,3240,VIC,58,bronze
Sharline,Abyss,Female,Mass Customer,367 Bay Point,4011,QLD,63,platinum
Nowell,Preddy,Male,Mass Customer,932 Glendale Avenue,2173,NSW,38,basic
Lacy,Drance,Female,Affluent Customer,492 Waywood Lane,2750,NSW,45,silver
Padraig,Snel,Male,Mass Customer,12683 Mifflin Point,2114,NSW,52,bronze
Malorie,Votier,Female,Affluent Customer,6160 Weeping Birch Hill,4509,QLD,33,bronze
Shepperd,Ricards,Male,Mass Customer,7 Oakridge Lane,2284,NSW,56,gold
Daryl,Pauncefort,Female,Mass Customer,0 Dexter Parkway,2380,NSW,44,bronze
Norina,Blakeway,Female,Mass Customer,75813 Lawn Lane,3081,VIC,43,gold
My,Chaston,Male,Affluent Customer,74613 Northport Park,3765,VIC,57,gold
Isak,Bergstram,Male,Affluent Customer,68 Karstens Pass,2176,NSW,22,gold
Grannie,Cracker,Male,Mass Customer,87254 Hermina Pass,4217,QLD,74,basic
Welby,Lourenco,Male,High Net Worth,801 Atwood Alley,2138,NSW,47,silver
Glenn,Casbourne,Female,Mass Customer,2 Morrow Alley,4207,QLD,42,platinum
Nadiya,Balasini,Female,Mass Customer,92934 Mallory Trail,2164,NSW,72,bronze
Tyne,Coate,Female,Mass Customer,90820 Thackeray Street,2218,NSW,58,silver
Christie,Anders,Male,Mass Customer,48 Ludington Plaza,2153,NSW,54,gold
Agnella,Capener,Female,High Net Worth,49185 Derek Circle,3977,VIC,54,silver
Bernardine,Delmonti,Female,Mass Customer,0721 Meadow Ridge Pass,2540,NSW,52,basic
Daisy,Spowart,Female,Affluent Customer,115 Westridge Road,4570,QLD,55,silver
Denys,Minshall,Female,Affluent Customer,7 Myrtle Lane,2324,NSW,61,basic
Archibald,Blessed,Male,Mass Customer,7795 Memorial Drive,2016,NSW,54,basic
Feodor,Englishby,Male,Mass Customer,24695 Boyd Road,3201,VIC,62,silver
Skippie,Yearsley,Male,Mass Customer,95306 John Wall Avenue,4350,QLD,67,gold
Bill,,Female,Mass Customer,6704 Pine View Lane,2170,NSW,60,gold
Tessa,Friese,Female,Mass Customer,98158 Alpine Point,4212,QLD,47,bronze
Roseanne,Caruth,Female,Mass Customer,33652 Lyons Alley,2763,NSW,66,basic
Tedra,Goodbanne,Female,Mass Customer,8 Debs Road,3934,VIC,45,bronze
Roberto,Harme,Male,High Net Worth,101 Starling Pass,2564,NSW,72,gold
Nichole,Leisman,Male,Affluent Customer,35151 Bunker Hill Crossing,2068,NSW,37,bronze
Amil,Ennor,Female,Mass Customer,2093 Amoth Pass,3109,VIC,28,silver
Shawna,Hinrichsen,Female,Affluent Customer,57343 Eagan Avenue,2326,NSW,54,gold
Fonsie,Levane,Male,High Net Worth,83 Armistice Terrace,4011,QLD,72,silver
Emilie,Brody,Female,Mass Customer,5388 Burrows Alley,2073,NSW,44,silver
Robert,Corkill,Male,Mass Customer,5612 Toban Point,2227,NSW,47,silver
Elvira,Kurten,Female,High Net Worth,65 Ridge Oak Court,2471,NSW,50,basic
Juliana,Mitchenson,Female,Mass Customer,74 Russell Terrace,4350,QLD,34,bronze
Regine,Bownes,Female,Affluent Customer,255 Loeprich Lane,3752,VIC,71,bronze
Abner,Fraschetti,Male,Affluent Customer,67 Northport Avenue,3805,VIC,37,basic
Alvira,Coulman,Female,Affluent Customer,823 Wayridge Trail,2205,NSW,68,bronze
Sawyer,Sponton,Male,Mass Customer,5 Golf Terrace,2126,NSW,67,basic
Feodor,Vickers,Male,Mass Customer,40809 Truax Way,2209,NSW,33,gold
Paten,Cayet,Male,Affluent Customer,1398 Burning Wood Way,3850,VIC,28,silver
Loria,Tappington,Female,Mass Customer,3920 Swallow Junction,3038,VIC,68,silver
Tanya,Kiefer,Female,High Net Worth,4 Warner Park,2146,NSW,31,bronze
Devonne,Alderwick,Female,High Net Worth,534 Lien Lane,3122,VIC,84,gold
Omero,McDonand,Male,Mass Customer,48 Shoshone Park,2066,NSW,71,basic
Iain,Haversham,Male,Mass Customer,170 Briar Crest Place,2120,NSW,72,gold
Keriann,Newham,Female,Mass Customer,0193 Northland Street,4179,QLD,48,bronze
Conroy,Rappaport,Male,High Net Worth,5219 Pearson Drive,2148,NSW,58,bronze
Dorian,Rustman,Male,Mass Customer,6156 Summit Center,4352,QLD,48,bronze
Quillan,Guinane,Male,High Net Worth,803 Badeau Point,2177,NSW,77,bronze
Harlin,Mazin,Male,Mass Customer,735 Westridge Road,2454,NSW,49,silver
Eustacia,Dornan,Female,Mass Customer,1190 Hanson Street,3806,VIC,38,bronze
Maury,Galego,Male,High Net Worth,370 Division Junction,3032,VIC,31,gold
Reggie,Kernar,Female,High Net Worth,90 Northport Hill,2228,NSW,51,gold
Brigitte,Whellams,Female,Mass Customer,77785 Veith Lane,2766,NSW,50,basic
Kinna,Kollasch,Female,High Net Worth,232 Knutson Park,4060,QLD,36,gold
Maurizio,Comi,Male,Affluent Customer,25805 Eagan Place,2766,NSW,27,silver
Elbertina,Fendley,Female,Affluent Customer,743 Debra Court,2117,NSW,31,basic
Franklin,Wohler,Male,Mass Customer,6966 Delladonna Street,2250,NSW,85,gold
Allyson,Petchell,Female,High Net Worth,98221 Pennsylvania Place,2170,NSW,53,gold
Ermentrude,Heindle,Female,Mass Customer,307 Knutson Center,2226,NSW,54,bronze
Alanna,Lerway,Female,Mass Customer,593 Alpine Drive,3195,VIC,79,bronze
Vincent,Jopke,Male,Affluent Customer,45788 Stang Plaza,3687,VIC,51,silver
Mandie,Jeffryes,Female,High Net Worth,96515 Di Loreto Pass,4109,QLD,42,bronze
Collete,Dory,Female,High Net Worth,8625 Dakota Plaza,2210,NSW,33,bronze
Leonid,Dorricott,Male,Affluent Customer,02 Hoffman Road,2448,NSW,29,silver
Charlena,Berney,Female,High Net Worth,496 Logan Center,4207,QLD,57,silver
Alfonso,Massel,Male,Mass Customer,6065 Talisman Crossing,3977,VIC,82,basic
Engracia,Dobbs,Female,Mass Customer,72 Eliot Place,2250,NSW,64,silver
Glyn,,Male,Affluent Customer,67 Bluejay Plaza,2300,NSW,78,silver
Rosemonde,Cartwight,Female,Mass Customer,518 Paget Hill,4605,QLD,71,silver
Alano,Satchel,Male,Mass Customer,87107 Shelley Crossing,2429,NSW,24,silver
Corrine,Baribal,Female,Affluent Customer,3 Mallory Circle,2170,NSW,75,silver
Benoit,Harniman,Male,Affluent Customer,1582 Bashford Drive,4018,QLD,47,basic
Jeanne,Darte,Female,Mass Customer,3 Homewood Park,2756,NSW,68,basic
Jenelle,Fearnill,Female,High Net Worth,06 Old Gate Park,2144,NSW,65,basic
Tannie,Gambrell,Male,Affluent Customer,49 Surrey Point,4710,QLD,56,gold
Mick,Macewan,Male,Mass Customer,59254 Northland Alley,2032,NSW,55,gold
Abbie,Oldman,Male,High Net Worth,4 North Drive,2168,NSW,39,gold
Tabbie,Curner,Male,Mass Customer,89 Parkside Street,3021,VIC,26,bronze
Shane,Killen,Male,High Net Worth,7 Hazelcrest Place,2165,NSW,67,bronze
Roberta,Goodale,Female,Mass Customer,013 David Junction,4211,QLD,76,bronze
Kippy,Barabisch,Male,Mass Customer,840 Graceland Street,2125,NSW,23,basic
Rosalinde,Cubuzzi,Female,Mass Customer,6 Lotheville Trail,2444,NSW,26,basic
Cami,Barnbrook,Female,Affluent Customer,890 Truax Lane,4285,QLD,60,gold
Dorian,Stollen,Male,Mass Customer,72922 Cambridge Terrace,2026,NSW,43,silver
Hunfredo,Hayball,Male,Affluent Customer,60461 Esch Avenue,2227,NSW,29,silver
Giorgi,O'Shirine,Male,Mass Customer,6 Novick Alley,3934,VIC,42,basic
Kort,Disley,Male,Mass Customer,76 Donald Trail,2160,NSW,44,gold
Gretna,Thredder,Female,Mass Customer,1607 Westridge Drive,2203,NSW,57,bronze
Tobiah,Heinsius,Male,High Net Worth,3630 Dawn Crossing,2446,NSW,23,bronze
Wallace,Newart,Male,Mass Customer,29007 Dapin Street,4650,QLD,45,silver
Hersh,Stubbert,Male,Mass Customer,68 Fairfield Street,4115,QLD,23,silver
Wyn,Saynor,Male,High Net Worth,5 Briar Crest Road,2099,NSW,59,bronze
Maribeth,Stivani,Female,Mass Customer,945 Bobwhite Court,2430,NSW,68,bronze
Abigale,Sives,Female,Affluent Customer,2 Glendale Center,4207,QLD,59,basic
Gothart,Artus,Male,Mass Customer,21824 Northridge Alley,2117,NSW,45,basic
Danny,Bodle,Male,Mass Customer,68 Anthes Park,2007,NSW,80,basic
Vittorio,Boxen,Male,Mass Customer,3 Anthes Court,2148,NSW,58,basic
Deborah,Petrovsky,Female,Mass Customer,036 Redwing Street,2011,NSW,80,basic
Agace,Hedge,Female,Mass Customer,92 Petterle Place,3429,VIC,26,basic
Rolland,Esmead,Male,Affluent Customer,72008 7th Avenue,2200,NSW,83,basic
Latrena,Walklate,Female,High Net Worth,87 Sheridan Junction,2281,NSW,80,basic
Mariquilla,Springthorpe,Female,Mass Customer,811 Melrose Park,2224,NSW,84,bronze
Leticia,Danovich,Female,Mass Customer,2 Logan Avenue,4307,QLD,82,gold
Harman,Lynds,Male,Mass Customer,538 Gina Way,4105,QLD,62,gold
Farra,Matyushkin,Female,High Net Worth,52761 Portage Crossing,3170,VIC,49,basic
Robenia,Monks,Female,Mass Customer,8 Fieldstone Street,4065,QLD,64,bronze
Roman,Eastwood,Male,Affluent Customer,8957 Anhalt Alley,3004,VIC,54,silver
Solomon,Bruck,Male,Mass Customer,5 High Crossing Junction,4556,QLD,65,basic
Krystyna,Airey,Female,Mass Customer,75760 Toban Junction,4006,QLD,73,bronze
Katharine,Redbourn,Female,Affluent Customer,178 Waxwing Trail,3134,VIC,56,basic
Cammy,Stoneham,Female,High Net Worth,8648 Green Alley,4680,QLD,60,gold
Ellsworth,Andrieux,Male,Affluent Customer,08912 Carberry Place,4036,QLD,52,silver
Federico,Leuty,Male,High Net Worth,720 Menomonie Crossing,2380,NSW,44,gold
Ferdy,Hornung,Male,High Net Worth,0686 Hallows Trail,4506,QLD,49,bronze
Sunny,Christescu,Female,Mass Customer,6668 Blue Bill Park Plaza,2209,NSW,48,gold
Shadow,Yakutin,Male,Affluent Customer,06 Dwight Park,4119,QLD,56,silver
Sharai,Priddie,Female,Mass Customer,5202 Crowley Place,2145,NSW,62,silver
Celeste,Fretson,Female,Mass Customer,14709 Portage Avenue,2166,NSW,43,basic
Lea,Ilyinski,Female,High Net Worth,895 Glendale Park,2026,NSW,26,gold
Dyann,Olechnowicz,Female,Mass Customer,0474 Bowman Hill,3031,VIC,84,basic
Delly,Sunman,Female,Mass Customer,652 Fuller Terrace,3206,VIC,64,bronze
Malvin,Ryhorovich,Male,Mass Customer,5356 Sugar Plaza,4818,QLD,61,bronze
Tanya,Hamberston,Female,Mass Customer,7 Schiller Point,4113,QLD,23,bronze
Kaela,Romaines,Female,High Net Worth,9193 Prairieview Drive,2155,NSW,51,basic
Evonne,Bembridge,Female,Mass Customer,13272 Basil Avenue,3103,VIC,54,basic
Shannen,Lewin,Female,High Net Worth,29 Aberg Crossing,4210,QLD,32,bronze
Bogey,Attew,Male,Mass Customer,4 Monterey Road,4165,QLD,30,bronze
Zondra,Ringham,Female,Mass Customer,416 Lighthouse Bay Lane,4510,QLD,75,platinum
Barnebas,Apfel,Male,Affluent Customer,05475 Elgar Place,4000,QLD,27,silver
Alleen,Eaken,Female,Mass Customer,343 Lakewood Center,2089,NSW,85,bronze
Gerri,Schimann,Female,Mass Customer,47 Kim Terrace,2566,NSW,53,basic
Antonietta,Egle,Female,Mass Customer,590 Hagan Parkway,3805,VIC,50,silver
Raff,Waycott,Male,Affluent Customer,94694 Eagle Crest Terrace,3977,VIC,71,basic
Lark,Gonet,Female,High Net Worth,261 Orin Center,2763,NSW,51,gold
Cletis,Longley,Male,High Net Worth,667 Waxwing Plaza,3199,VIC,27,basic
Bartram,Di Lucia,Male,Mass Customer,83509 Delaware Street,2480,NSW,62,gold
Theresa,Cowper,Female,Mass Customer,88 Mifflin Pass,2529,NSW,47,silver
Philbert,Raraty,Male,Mass Customer,10 Dexter Park,2177,NSW,67,basic
Egon,Ortells,Male,Affluent Customer,3 Sundown Hill,2168,NSW,47,basic
Dahlia,Shovlar,Female,Affluent Customer,655 Glendale Trail,3976,VIC,57,gold
Timi,Duny,Female,High Net Worth,39192 Glendale Alley,2092,NSW,70,silver
Dominick,Asher,Male,Affluent Customer,7307 Lake View Crossing,3804,VIC,61,gold
Raye,Roo,Female,Mass Customer,1199 Express Plaza,3046,VIC,47,basic
Becka,Hacon,Female,Affluent Customer,1 Namekagon Point,3791,VIC,58,bronze
Cirillo,Frossell,Male,Mass Customer,602 Meadow Vale Lane,2111,NSW,55,silver
Verla,Dumingos,Female,Mass Customer,6784 Spohn Alley,3021,VIC,52,gold
Sherrie,Godleman,Female,Mass Customer,67 Shelley Crossing,3350,VIC,45,silver
Dexter,Shutle,Male,Mass Customer,07 Dayton Court,4005,QLD,64,bronze
Konstanze,Hovie,Female,Mass Customer,351 Sunfield Lane,4370,QLD,56,silver
Bink,Bentje,Male,High Net Worth,8427 Moulton Place,2680,NSW,66,bronze
Taber,Szymon,Male,Affluent Customer,984 Del Sol Junction,4659,QLD,76,gold
Debbi,Dannatt,Female,Affluent Customer,3 Pepper Wood Hill,4218,QLD,64,basic
Giana,Staresmeare,Female,Affluent Customer,8737 Scoville Center,2770,NSW,47,silver
Morton,Petkens,Male,High Net Worth,385 Montana Place,3012,VIC,32,silver
Vittoria,Whitney,Female,High Net Worth,3 Surrey Court,2019,NSW,42,silver
Paquito,Atwood,Male,Affluent Customer,2 Magdeline Street,3199,VIC,51,basic
Dimitri,Tribbeck,Male,Affluent Customer,93235 Hoard Trail,3165,VIC,64,bronze
Shelli,Bartholomaus,Female,Mass Customer,356 Carberry Avenue,3082,VIC,60,basic
Kermit,Lebond,Male,Mass Customer,71 Ludington Center,4208,QLD,43,silver
Biddie,Gorce,Female,Mass Customer,2116 Continental Terrace,2795,NSW,35,gold
Rupert,Marrow,Male,High Net Worth,2 7th Way,2760,NSW,53,bronze
Geoff,Sitford,Male,Mass Customer,7 Elgar Road,2148,NSW,58,bronze
Ange,Chitham,Female,Mass Customer,00003 Hoffman Pass,2560,NSW,32,gold
Tiphanie,Blackader,Female,Mass Customer,71 Stone Corner Avenue,2007,NSW,76,bronze
Zollie,Crinidge,Male,Mass Customer,0 Esker Avenue,4019,QLD,35,basic
Daisy,Pollen,Female,Mass Customer,61825 Debs Terrace,3167,VIC,30,basic
Emelen,Bidnall,Male,Affluent Customer,11 Oak Terrace,2026,NSW,42,bronze
Linette,Boman,Female,Affluent Customer,7 Michigan Hill,2076,NSW,74,bronze
Manya,Abramovici,Female,High Net Worth,8 Randy Park,4214,QLD,68,bronze
Brynna,Tivers,Female,Mass Customer,0 Mayfield Parkway,4272,QLD,49,silver
Art,Carolan,Male,Affluent Customer,57903 Hanson Parkway,2570,NSW,68,silver
Alfi,Sabbins,Female,High Net Worth,763 Ridgeway Place,2344,NSW,64,silver
Loleta,Aberdalgy,Female,Mass Customer,99 Westend Court,2287,NSW,42,gold
Aldric,Birney,Male,Mass Customer,5 Caliangt Center,2546,NSW,52,silver
Natividad,Balducci,Female,High Net Worth,4472 Washington Junction,3206,VIC,32,basic
Claudine,Dymick,Female,Mass Customer,31675 Corry Way,3977,VIC,57,silver
Seamus,Cains,Male,High Net Worth,4882 Dakota Center,2305,NSW,33,silver
Guss,Karim,Male,Mass Customer,4 Warner Circle,2227,NSW,54,bronze
Julietta,Setchfield,Female,High Net Worth,4 Manufacturers Crossing,4170,QLD,31,bronze
Roch,Symson,Female,High Net Worth,016 Westport Park,3073,VIC,45,basic
Audry,Fann,Female,Mass Customer,19 Debs Parkway,3029,VIC,66,bronze
Cecelia,Cisar,Female,Mass Customer,665 Sachs Way,4212,QLD,38,bronze
Clari,Voas,Female,Affluent Customer,4110 Mifflin Center,2127,NSW,68,bronze
Zach,Hedman,Male,Affluent Customer,62 Spaight Center,2566,NSW,42,basic
Paxon,Roomes,Male,High Net Worth,3 Express Lane,3021,VIC,46,bronze
Parnell,Lamprey,Male,High Net Worth,7353 Mallard Junction,2165,NSW,46,gold
Honey,Gosdin,Female,Mass Customer,066 Warner Trail,2582,NSW,41,gold
Sonny,McCart,Male,High Net Worth,52752 Barby Hill,3020,VIC,31,basic
Deirdre,Burgoine,Female,High Net Worth,0 Stoughton Park,3000,VIC,68,silver
Haleigh,,Female,Mass Customer,49 Jana Point,4503,QLD,71,bronze
Aldridge,Poskitt,Male,Mass Customer,7 Fordem Point,4161,QLD,41,basic
Zechariah,McReidy,Male,High Net Worth,797 Westend Street,4207,QLD,45,bronze
Carry,Costi,Female,Mass Customer,5316 Farwell Hill,2800,NSW,50,basic
Alon,,Male,Affluent Customer,770 Crest Line Parkway,4218,QLD,24,basic
Ahmed,Pickthorne,Male,High Net Worth,50 American Street,2147,NSW,63,bronze
Nil,Shirer,Male,Mass Customer,4793 Mcbride Pass,3013,VIC,26,bronze
Erhard,O'Moylane,Male,Affluent Customer,01124 Dottie Lane,3630,VIC,45,silver
Vitia,Axtens,Female,Mass Customer,42681 Carey Alley,2011,NSW,78,basic
Haskell,Moxted,Male,Mass Customer,2941 Talisman Alley,2145,NSW,80,basic
Ebony,Conrad,Female,Mass Customer,990 Hoffman Avenue,3029,VIC,24,basic
Lincoln,Boler,Male,Affluent Customer,5 Summer Ridge Court,3207,VIC,47,silver
Vladimir,Westmerland,Male,Mass Customer,102 Charing Cross Terrace,2640,NSW,67,basic
Kylynn,Drowsfield,Female,High Net Worth,5 Trailsway Avenue,3059,VIC,48,basic
Nicole,Ruckhard,Female,Affluent Customer,23694 Leroy Place,4560,QLD,54,platinum
Celestina,Lethardy,Female,Mass Customer,53 Memorial Street,3163,VIC,54,gold
Tannie,Petrakov,Male,Affluent Customer,691 Valley Edge Alley,4078,QLD,71,basic
Bessy,Saladin,Female,Mass Customer,60073 Pankratz Pass,4075,QLD,83,basic
Diego,Van den Broek,Male,Affluent Customer,8 Schlimgen Drive,4055,QLD,59,basic
Lucilia,Minshall,Female,Mass Customer,0237 Mallard Place,2750,NSW,71,basic
Cissiee,Pollington,Female,Mass Customer,69710 Northfield Center,2256,NSW,82,basic
Eddy,Sturch,Male,High Net Worth,1 Kinsman Crossing,4158,QLD,62,basic
Caron,Kezar,Female,Mass Customer,40553 Rigney Avenue,2835,NSW,70,silver
Sandor,Stirland,Male,High Net Worth,48578 Farmco Park,3235,VIC,42,basic
Gallagher,Bromell,Male,Mass Customer,91634 Badeau Crossing,4556,QLD,66,gold
Murial,Bulloch,Female,Mass Customer,391 Old Shore Lane,2011,NSW,59,basic
Delinda,Ech,Female,Mass Customer,28 Golf View Terrace,3101,VIC,79,bronze
Hussein,Tapenden,Male,Affluent Customer,0197 Sachs Avenue,2747,NSW,70,bronze
Giulietta,Garbott,Female,Affluent Customer,48297 Stuart Circle,3810,VIC,21,bronze
Kaylyn,Jakaway,Female,Affluent Customer,67 Heath Circle,2290,NSW,43,basic
Brynn,Goodyear,Female,Mass Customer,3 Sheridan Lane,3075,VIC,78,bronze
Otis,,Male,Affluent Customer,04 Oakridge Plaza,2075,NSW,52,silver
Pace,Clemonts,Male,High Net Worth,335 Cambridge Hill,3122,VIC,33,gold
Muffin,Grigolon,Male,Mass Customer,4597 Marcy Point,2232,NSW,43,basic
Allsun,Biner,Female,Mass Customer,9 Walton Way,2641,NSW,25,bronze
Kenneth,Elleyne,Male,Mass Customer,27429 Dottie Plaza,3145,VIC,66,basic
Clotilda,Southers,Female,Mass Customer,42 Donald Hill,2323,NSW,23,basic
Augustus,Bourley,Male,Affluent Customer,3 Hoepker Parkway,4152,QLD,42,bronze
Daisi,Tinwell,Female,Mass Customer,19561 Express Street,2777,NSW,51,gold
Gerik,Woodroof,Male,High Net Worth,41 Kropf Road,3175,VIC,64,bronze
Claresta,MacConnulty,Female,Mass Customer,0516 Fremont Point,2026,NSW,66,bronze
Arty,Fontelles,Male,High Net Worth,7872 South Junction,3197,VIC,29,basic
Giulia,Hazart,Female,Mass Customer,81 Donald Parkway,4218,QLD,45,bronze
Whit,Emloch,Male,Mass Customer,105 Carpenter Court,2220,NSW,60,gold
Rowan,Summerly,Male,Mass Customer,58231 Tomscot Plaza,2209,NSW,49,silver
Ian,Rabat,Male,Affluent Customer,3 Loeprich Point,3204,VIC,48,gold
Reginald,Jermy,Male,High Net Worth,540 Katie Street,4128,QLD,63,basic
Link,Gorini,Male,High Net Worth,9495 Jenna Way,4600,QLD,48,basic
Harriet,Brattan,Female,High Net Worth,66 Ruskin Parkway,3579,VIC,36,basic
Sada,Branton,Female,Affluent Customer,9736 Mitchell Pass,3199,VIC,49,basic
Jenelle,Mc-Kerley,Female,Mass Customer,9 Springview Terrace,4068,QLD,81,basic
Gabrila,Toopin,Female,Mass Customer,1914 Oakridge Place,2456,NSW,60,gold
Almira,Mangion,Female,Affluent Customer,179 Anzinger Center,2230,NSW,27,bronze
Arty,Strudwick,Male,Mass Customer,62 Melrose Court,2211,NSW,59,silver
Alexa,Dillet,Female,Affluent Customer,84650 Novick Point,2261,NSW,79,basic
Palmer,Heaven,Male,Affluent Customer,5 Hoard Parkway,3754,VIC,28,gold
Porter,Buckenhill,Male,High Net Worth,376 Talmadge Street,4124,QLD,69,gold
Kizzee,Kemston,Female,Mass Customer,5979 Green Ridge Way,2767,NSW,62,bronze
Isadora,Ducker,Female,Affluent Customer,2972 Holy Cross Crossing,3153,VIC,50,bronze
Giffie,Offill,Male,Affluent Customer,89 Riverside Court,4740,QLD,30,basic
Fara,Sarath,Female,Mass Customer,540 Forest Run Plaza,2168,NSW,75,bronze
Carolann,Raatz,Female,High Net Worth,817 Bunker Hill Place,3977,VIC,44,basic
Tamar,Windmill,Female,Affluent Customer,4669 Troy Place,2207,NSW,84,basic
Kipp,Stockport,Male,Mass Customer,02 Roth Drive,2022,NSW,40,bronze
Packston,Wackett,Male,Mass Customer,7 Northridge Court,3192,VIC,73,silver
Hanson,Eastes,Male,Mass Customer,5735 Starling Plaza,3056,VIC,33,gold
Demetria,Bausor,Female,Mass Customer,97 Transport Plaza,2097,NSW,61,basic
Lura,Fawdrie,Female,Mass Customer,67183 Anniversary Parkway,4211,QLD,21,silver
Nora,Anselm,Female,High Net Worth,2 Emmet Parkway,4342,QLD,62,gold
Estevan,Eastment,Male,Mass Customer,61926 Tomscot Hill,2019,NSW,81,basic
Aloysius,Glowacz,Male,Affluent Customer,07 Susan Lane,2232,NSW,44,silver
Bastien,Ibbeson,Male,Mass Customer,43094 Kedzie Pass,2487,NSW,46,basic
Otha,Langworthy,Female,Mass Customer,678 Lyons Trail,3130,VIC,56,basic
Gannie,Bargh,Male,Mass Customer,1832 Burning Wood Place,3201,VIC,68,basic
Dwayne,Doel,Male,Affluent Customer,5642 Debs Terrace,2223,NSW,45,silver
Leese,Huckleby,Female,High Net Worth,73 Riverside Trail,3777,VIC,46,bronze
Dodi,Kiggel,Female,Mass Customer,05 Everett Trail,2114,NSW,43,bronze
Kippar,Brimilcome,Male,Mass Customer,082 Welch Lane,2089,NSW,84,gold
Corinna,Beretta,Female,High Net Worth,72 Mccormick Circle,3023,VIC,27,bronze
Laurie,Odlin,Female,High Net Worth,15669 Arizona Trail,3194,VIC,40,bronze
Mair,Erett,Female,Affluent Customer,79 Armistice Parkway,2117,NSW,65,bronze
Marcelia,Copins,Female,Mass Customer,330 Melby Terrace,2259,NSW,77,bronze
Tanner,Terlinden,Male,Mass Customer,2637 Monument Trail,3106,VIC,27,silver
Hilliard,Dullard,Male,Mass Customer,37919 Old Gate Park,2163,NSW,69,gold
Justinn,Haruard,Female,High Net Worth,00 Judy Terrace,2035,NSW,65,bronze
Wyn,Meach,Male,Mass Customer,79 Armistice Junction,2765,NSW,85,basic
Art,Shardlow,Male,Mass Customer,7 Clemons Circle,4350,QLD,60,gold
Dennis,Varnham,Male,Affluent Customer,6455 Mayfield Street,3350,VIC,70,silver
Freddi,Litherborough,Female,Mass Customer,7873 Meadow Vale Plaza,2460,NSW,34,basic
Salomon,Perkins,Male,Affluent Customer,45 Banding Hill,2009,NSW,25,silver
Sherill,,Female,Mass Customer,53 Moulton Avenue,2880,NSW,31,gold
Queenie,Learie,Female,Mass Customer,7 Sauthoff Park,2073,NSW,75,basic
Etan,Prinett,Male,Mass Customer,9082 Waywood Avenue,2250,NSW,53,basic
Donaugh,Benedict,Male,Mass Customer,30049 Brown Road,2233,NSW,31,silver
Harwell,Kleinstein,Male,Affluent Customer,7 Huxley Trail,3818,VIC,30,bronze
Cheston,Hritzko,Male,Mass Customer,3 Service Center,2127,NSW,77,basic
Suzy,Trounson,Female,Mass Customer,0627 Golf Center,4152,QLD,76,bronze
Jobie,Runacres,Female,Mass Customer,24960 Shopko Crossing,2528,NSW,48,silver
Guenna,Filisov,Female,High Net Worth,43 Stoughton Drive,2154,NSW,54,silver
Opal,Cleare,Female,Affluent Customer,247 Blue Bill Park Parkway,2066,NSW,46,basic
Ottilie,Wanless,Female,Affluent Customer,2 David Pass,2720,NSW,82,basic
Kipper,Circuit,Male,Mass Customer,3867 Barby Hill,2140,NSW,48,basic
Marilin,Frome,Female,Mass Customer,52 Bobwhite Court,2219,NSW,47,bronze
Arel,Abramovitz,Male,Mass Customer,32249 Sycamore Way,4650,QLD,65,bronze
Kit,Easdon,Male,Affluent Customer,3 Roth Junction,3156,VIC,45,bronze
Skipp,Swales,Male,High Net Worth,76 Green Ridge Drive,3029,VIC,49,silver
Frederich,Glantz,Male,High Net Worth,9 Glacier Hill Circle,2762,NSW,26,basic
Rodolph,Denniss,Male,Affluent Customer,91281 Transport Center,3356,VIC,49,silver
Craggie,Dering,Male,Mass Customer,11 Paget Road,2125,NSW,71,bronze
Giralda,MacPeake,Female,High Net Worth,6 Killdeer Way,2705,NSW,82,gold
Rodney,Trethewey,Male,Affluent Customer,737 Service Lane,3030,VIC,26,bronze
Theresina,,Female,Mass Customer,253 Katie Junction,2650,NSW,36,bronze
Gleda,Howerd,Female,Mass Customer,481 Moulton Place,2440,NSW,59,silver
Melany,Ladewig,Female,Mass Customer,3864 Sheridan Alley,4130,QLD,51,basic
Claudell,Rounsefell,Male,Affluent Customer,61416 Karstens Place,4217,QLD,29,basic
Garwin,Nurden,Male,High Net Worth,0 Union Parkway,3142,VIC,65,basic
Bunny,Leebetter,Female,High Net Worth,4 Lukken Lane,4301,QLD,57,basic
Matias,Melloi,Male,Affluent Customer,1507 Schlimgen Trail,2155,NSW,46,silver
Sada,Dowyer,Female,High Net Worth,4 Meadow Ridge Place,2090,NSW,24,silver
Anet,Roseman,Female,Mass Customer,31 Melody Circle,3814,VIC,26,basic
Katie,Warhurst,Female,High Net Worth,96 Rutledge Drive,3064,VIC,31,gold
Celia,Bryden,Female,High Net Worth,2905 Towne Place,2114,NSW,80,bronze
Stearne,Trolley,Male,High Net Worth,638 Caliangt Avenue,2137,NSW,41,basic
Tristam,Larose,Male,Mass Customer,9645 Moose Terrace,2137,NSW,38,silver
Laurena,,Female,High Net Worth,7 Messerschmidt Crossing,3810,VIC,62,bronze
Heloise,Fairpool,Female,High Net Worth,005 Loeprich Way,4680,QLD,47,silver
Dory,Malpass,Female,Affluent Customer,3653 Steensland Road,4103,QLD,51,basic
Marcellina,Baynton,Female,Mass Customer,56 Comanche Terrace,3141,VIC,76,basic
Gregorius,Leal,Male,Affluent Customer,66 Merry Court,2033,NSW,72,bronze
Deana,Canton,Female,Mass Customer,92 Ludington Street,4301,QLD,48,bronze
Kori,Sparsholt,Female,Mass Customer,37 Rigney Park,2171,NSW,83,basic
Lucky,Klainman,Female,Mass Customer,0796 Barnett Plaza,3758,VIC,75,basic
Erasmus,Olenchenko,Male,Mass Customer,415 Rockefeller Trail,2484,NSW,58,gold
Carita,Sand,Female,Mass Customer,846 Loftsgordon Crossing,2154,NSW,46,bronze
Lynnett,Tipper,Female,High Net Worth,9 Ridgeview Avenue,3109,VIC,30,silver
Thorn,Stigers,Male,Mass Customer,6218 Delladonna Parkway,4115,QLD,51,gold
Lela,Billing,Female,Mass Customer,095 Glacier Hill Circle,2571,NSW,52,silver
Norah,Mapis,Female,Mass Customer,057 Victoria Crossing,2263,NSW,22,gold
Moina,Rosenbaum,Female,Mass Customer,0 Memorial Road,3109,VIC,22,gold
Ceciley,Harg,Female,Mass Customer,409 Starling Lane,4172,QLD,33,basic
Torry,de la Valette Parisot,Male,Mass Customer,36963 Pierstorff Terrace,3168,VIC,56,basic
Sigismund,Sedger,Male,Affluent Customer,8069 Sunbrook Way,2155,NSW,23,gold
Irvine,Headon,Male,Affluent Customer,9 Hovde Way,2322,NSW,67,silver
Laurie,,Male,Mass Customer,94 Barby Lane,2210,NSW,44,bronze
Tomkin,Bernlin,Male,Affluent Customer,0492 Kings Street,2480,NSW,21,silver
Genni,Fanstone,Female,Mass Customer,1 Fair Oaks Alley,3149,VIC,51,bronze
Blondie,,Female,High Net Worth,780 Norway Maple Hill,2565,NSW,28,basic
Aloysius,Killingsworth,Male,Mass Customer,625 Mandrake Junction,2145,NSW,66,basic
Carola,Philler,Female,High Net Worth,1037 Roth Park,2145,NSW,72,basic
Fitzgerald,Hellikes,Male,Mass Customer,315 Center Park,3040,VIC,44,basic
Ingmar,Okenden,Male,Mass Customer,1 Graceland Plaza,3216,VIC,64,silver
Tina,Dunstan,Female,Affluent Customer,98555 Victoria Hill,2171,NSW,84,silver
Huberto,Mollatt,Male,Mass Customer,31121 Pierstorff Center,2770,NSW,62,silver
Georgi,,Male,High Net Worth,59 Garrison Terrace,3215,VIC,53,gold
Adolpho,Bellerby,Male,High Net Worth,2763 Buhler Circle,4305,QLD,79,gold
Kelsey,Hatt,Female,High Net Worth,309 Maple Wood Pass,3930,VIC,57,basic
Lucien,,Male,High Net Worth,777 Fairfield Court,4305,QLD,57,gold
Ariel,McCloid,Male,High Net Worth,99 Quincy Parkway,3630,VIC,29,silver
Bevvy,Openshaw,Female,Affluent Customer,902 Westend Lane,2318,NSW,48,gold
Alexina,Mabley,Female,Mass Customer,9 Rieder Junction,2573,NSW,48,silver
Dawn,Pyffe,Female,Mass Customer,734 Veith Way,3155,VIC,58,basic
Claudette,Renackowna,Female,Mass Customer,0800 Dahle Alley,2148,NSW,27,bronze
Elianora,Poolton,Female,Mass Customer,5 Macpherson Drive,3134,VIC,79,platinum
Park,,Male,Affluent Customer,07 Boyd Drive,4350,QLD,45,bronze
Anthony,Lindstrom,Male,Affluent Customer,427 Oak Avenue,2205,NSW,25,basic
Liane,Poizer,Female,High Net Worth,390 Express Plaza,2076,NSW,71,silver
Romonda,Hallt,Female,Affluent Customer,703 Ludington Plaza,2480,NSW,63,bronze
Sula,Thomann,Female,Mass Customer,7 Dayton Circle,2160,NSW,34,bronze
Renell,Earley,Female,Mass Customer,79 Manufacturers Plaza,4171,QLD,69,gold
Cliff,Philipsson,Male,Mass Customer,600 Artisan Drive,3149,VIC,56,bronze
Clevey,Aisthorpe,Male,Mass Customer,0 Veith Way,2009,NSW,47,bronze
Cariotta,,Female,Affluent Customer,2336 Continental Point,2527,NSW,49,basic
George,Jose,Male,High Net Worth,535 Corben Point,4680,QLD,62,silver
Kissiah,Foat,Female,Mass Customer,1690 Forster Place,2281,NSW,48,gold
Milty,Brauninger,Male,High Net Worth,54 6th Trail,2640,NSW,78,silver
Killian,Nettles,Male,Affluent Customer,16 Pepper Wood Junction,3803,VIC,43,silver
Fredia,Favelle,Female,Mass Customer,4 Arapahoe Terrace,4014,QLD,49,basic
Katleen,Arnoult,Female,Mass Customer,540 Farragut Avenue,2066,NSW,46,bronze
Gaultiero,Fibbens,Male,Affluent Customer,938 Bartillon Hill,2035,NSW,43,bronze
Inglebert,Aspinal,Male,Mass Customer,612 Annamark Center,2176,NSW,50,bronze
Jammal,Devenny,Male,High Net Worth,18 Sage Plaza,3152,VIC,24,gold
Adriane,Richardson,Female,High Net Worth,4 Randy Street,3070,VIC,47,gold
Jodi,Lermit,Female,Mass Customer,05 Corry Center,4021,QLD,69,basic
Emelia,Ackwood,Female,Mass Customer,1 South Street,4183,QLD,35,platinum
Andee,Huke,Female,Mass Customer,4810 Kim Park,3858,VIC,52,silver
Isa,Fominov,Male,Mass Customer,80388 Ryan Place,2010,NSW,22,gold
Zabrina,Margram,Female,High Net Worth,1092 Kinsman Parkway,4053,QLD,59,silver
Maddalena,Angood,Female,Affluent Customer,1 Bluejay Court,2320,NSW,24,bronze
Sofie,Worsfold,Female,Mass Customer,7 Maple Wood Plaza,4125,QLD,69,basic
Elmira,Vasilyev,Female,High Net Worth,12 Eastlawn Terrace,2007,NSW,72,bronze
Free,Rowland,Male,Mass Customer,24929 Spaight Junction,3796,VIC,67,bronze
Worthington,Cohane,Male,High Net Worth,846 Daystar Lane,2000,NSW,32,silver
Bailey,Bereford,Male,Affluent Customer,36 Golf Course Circle,2444,NSW,73,basic
Perry,Whitehurst,Male,High Net Worth,0 Nelson Crossing,3155,VIC,43,basic
Antony,Tuma,Male,High Net Worth,93264 Almo Plaza,3078,VIC,69,silver
Corene,Hallgate,Female,Mass Customer,2109 Shoshone Court,3103,VIC,58,gold
Nico,Chadwick,Male,Affluent Customer,355 Roxbury Lane,3190,VIC,70,bronze
Joline,Skipperbottom,Female,High Net Worth,2 Warrior Crossing,2161,NSW,51,gold
Ivy,Farr,Female,High Net Worth,08470 Kingsford Lane,2120,NSW,50,gold
Dallas,Lavalde,Female,Mass Customer,16898 Donald Plaza,2323,NSW,24,basic
Amabel,,Female,Mass Customer,3128 Mallory Pass,2144,NSW,42,basic
Hilario,McCulloch,Male,Mass Customer,799 Luster Road,3051,VIC,37,silver
Jim,Haddrell,Male,Mass Customer,53 Dryden Trail,2358,NSW,68,silver
Jacobo,Mucklow,Male,High Net Worth,5512 Ronald Regan Hill,3122,VIC,70,platinum
Gretel,Paschke,Female,Mass Customer,72 Melrose Street,4074,QLD,67,gold
Jethro,Mertel,Male,Mass Customer,3460 Dapin Street,2262,NSW,44,silver
Dwain,Hatch,Male,Affluent Customer,5 Hovde Lane,3028,VIC,28,platinum
Lucretia,D'Agostini,Female,High Net Worth,4 Gale Center,3185,VIC,44,silver
Claude,Bowstead,Female,Mass Customer,5263 Stone Corner Crossing,2217,NSW,25,basic
Donn,MacGregor,Male,High Net Worth,0439 Mandrake Park,2046,NSW,58,basic
Laurel,Devennie,Female,Affluent Customer,069 Hoard Pass,4352,QLD,47,basic
Elvira,Darthe,Female,Affluent Customer,89 Green Ridge Point,2168,NSW,48,silver
Angie,Tansley,Male,Mass Customer,8 Cardinal Junction,2444,NSW,72,basic
Terrence,Dalligan,Male,High Net Worth,240 Main Hill,3200,VIC,25,basic
Katy,Crooke,Female,Mass Customer,67081 Burrows Center,2111,NSW,46,bronze
Sammy,Borsi,Female,Mass Customer,0 Kipling Way,2289,NSW,51,gold
Morganica,Ainsbury,Female,High Net Worth,1 Raven Way,2151,NSW,50,bronze
Nils,Champion,Male,Affluent Customer,261 Holy Cross Park,2750,NSW,39,silver
Beverlee,Querree,Female,High Net Worth,891 Ohio Terrace,2075,NSW,32,bronze
Cami,Eitter,Female,High Net Worth,1408 Hovde Circle,3081,VIC,44,silver
Reiko,Degenhardt,Female,High Net Worth,50897 Northfield Road,4280,QLD,47,bronze
Cord,Dunsmore,Male,Mass Customer,596 Boyd Park,4301,QLD,24,silver
Gabey,Kennicott,Female,Affluent Customer,8 Fordem Place,2322,NSW,65,bronze
Jacqui,Devey,Female,High Net Worth,656 Kennedy Crossing,2261,NSW,28,silver
Byrom,Ramas,Male,High Net Worth,2 Jackson Place,2528,NSW,29,bronze
Worthington,Ahmed,Male,High Net Worth,39408 Manufacturers Road,3335,VIC,51,gold
Chico,Dye,Male,High Net Worth,168 Schlimgen Center,2526,NSW,29,silver
Davidde,Cockroft,Male,High Net Worth,8 Kim Avenue,2158,NSW,76,bronze
Charlie,Dmych,Male,High Net Worth,920 Cambridge Way,2263,NSW,73,basic
Donn,Chaney,Male,Mass Customer,4 Schlimgen Trail,4701,QLD,72,gold
Kamila,Parsonage,Female,Mass Customer,31 Mccormick Court,4131,QLD,69,silver
Barth,Sapshed,Male,Mass Customer,65 Milwaukee Lane,4520,QLD,29,basic
Padriac,Collacombe,Male,Affluent Customer,76 Mendota Park,2090,NSW,56,bronze
Olive,Mozzi,Female,Affluent Customer,26667 Rigney Place,2567,NSW,68,silver
Benedict,Rosas,Male,High Net Worth,898 Muir Court,2142,NSW,67,bronze
Virginia,De Antoni,Female,High Net Worth,88093 Pierstorff Plaza,2030,NSW,59,basic
Nicolas,O'Donnell,Male,Mass Customer,3319 Anthes Crossing,3177,VIC,37,gold
Oswald,MacCarlich,Male,Mass Customer,16 Mosinee Place,4717,QLD,31,silver
Ailyn,Howgate,Female,Mass Customer,197 Northport Plaza,4213,QLD,22,bronze
Karol,Salthouse,Female,Mass Customer,10236 Mifflin Avenue,2570,NSW,55,basic
Esdras,Birchett,Male,Mass Customer,5287 Clarendon Plaza,2258,NSW,72,basic
Wilfrid,Gertray,Male,Mass Customer,38407 Sutteridge Circle,2766,NSW,81,basic
Charmain,Styles,Female,High Net Worth,423 Holy Cross Lane,3029,VIC,58,silver
Kirsteni,Gritskov,Female,Mass Customer,743 Stuart Terrace,2560,NSW,25,basic
Bobby,Summersby,Male,Affluent Customer,1478 Oak Valley Park,3350,VIC,80,bronze
Shepherd,Dutchburn,Male,High Net Worth,8970 Anhalt Junction,2160,NSW,47,bronze
Berenice,Kaesmakers,Female,Mass Customer,563 Waywood Park,2145,NSW,29,basic
Jesse,Crosio,Male,Mass Customer,9313 Mayer Street,3133,VIC,29,gold
Cordi,Thornton,Female,Mass Customer,2978 Mccormick Center,2028,NSW,50,basic
Debbie,Tillman,Female,High Net Worth,527 Jay Trail,4551,QLD,33,bronze
Judie,Pirkis,Female,Affluent Customer,6 Loftsgordon Pass,2111,NSW,28,bronze
Flin,Yoskowitz,Male,Mass Customer,9940 Manley Drive,2574,NSW,27,bronze
Noel,Sturch,Female,Mass Customer,0736 West Crossing,3585,VIC,72,silver
Letizia,Poore,Female,Affluent Customer,95796 Mcbride Drive,3677,VIC,85,bronze
Raynard,,Male,Affluent Customer,20187 Loomis Court,4132,QLD,27,bronze
Kiley,Grunder,Male,Affluent Customer,17393 Colorado Hill,4006,QLD,29,silver
Ethelred,Sissel,Male,High Net Worth,65 Rutledge Parkway,2539,NSW,48,basic
Dena,Pabst,Female,High Net Worth,02023 Loeprich Drive,3037,VIC,36,bronze
Wyndham,Woolford,Male,Mass Customer,9107 Pine View Plaza,3977,VIC,44,bronze
Rochette,Haddacks,Female,Affluent Customer,822 Di Loreto Junction,3020,VIC,27,bronze
Jamal,Dudgeon,Male,Mass Customer,2712 Namekagon Crossing,3029,VIC,58,silver
Levin,Coxen,Male,Mass Customer,32 Hazelcrest Court,2753,NSW,68,platinum
Marinna,Kauschke,Female,Affluent Customer,9 Forster Circle,3174,VIC,50,bronze
Kyle,Michie,Female,Mass Customer,07226 Anzinger Avenue,3032,VIC,65,basic
Lanie,Cobbold,Male,Mass Customer,936 Porter Lane,2323,NSW,44,basic
Gilbert,O'Fallone,Male,High Net Worth,6 Havey Pass,2126,NSW,28,basic
Esther,McOnie,Female,Mass Customer,844 Forster Place,2096,NSW,84,bronze
Chaim,Kingdon,Male,Affluent Customer,42590 Bellgrove Court,2097,NSW,27,basic
Anson,Dearnaly,Male,Affluent Customer,6060 Veith Crossing,2103,NSW,26,bronze
Caitrin,Critten,Female,Mass Customer,25 Lakeland Point,4113,QLD,50,bronze
Garreth,Minett,Male,Affluent Customer,21667 Randy Crossing,3163,VIC,62,basic
Rozamond,Sommer,Female,Affluent Customer,608 Dapin Court,3129,VIC,57,silver
Annabell,Downer,Female,Affluent Customer,8738 Lukken Terrace,2763,NSW,67,bronze
Maximilian,Geffen,Male,Mass Customer,8634 Wayridge Pass,2750,NSW,68,basic
Ajay,Worham,Female,Mass Customer,5 Homewood Road,2800,NSW,44,gold
Jamison,Cashin,Male,Mass Customer,7 Dunning Avenue,2477,NSW,53,gold
Dorian,Emery,Female,Mass Customer,67 Beilfuss Plaza,2168,NSW,25,bronze
Nicol,Swinford,Male,High Net Worth,976 Roxbury Alley,4157,QLD,46,basic
Agna,Cowpe,Female,Mass Customer,2 Main Lane,4114,QLD,54,basic
Nev,Prosh,Male,Affluent Customer,6115 Forest Crossing,2148,NSW,73,silver
Lucius,Hatchell,Male,Mass Customer,432 Ronald Regan Court,3782,VIC,72,bronze
Francisca,Pottage,Female,Mass Customer,8600 Forster Lane,2177,NSW,66,bronze
Farlie,Brookz,Male,Mass Customer,6692 Independence Way,2070,NSW,60,gold
Mariette,,Female,Affluent Customer,770 Farmco Point,2049,NSW,67,bronze
Beverlee,Ungerechts,Female,Mass Customer,602 Toban Center,4020,QLD,50,bronze
Nanni,Girodias,Female,High Net Worth,74 Shopko Pass,2161,NSW,64,basic
Delcina,Hursey,Female,Mass Customer,804 Washington Point,4132,QLD,54,platinum
Lek,Pimblett,Male,Mass Customer,97 Merrick Center,2460,NSW,68,gold
Kellyann,Adshad,Female,Mass Customer,29 Tennyson Alley,2161,NSW,83,silver
Ewell,Paulusch,Male,Mass Customer,8194 Lien Street,4032,QLD,25,bronze
Madison,Lars,Male,Mass Customer,9503 New Castle Street,4500,QLD,56,gold
Ardis,Taree,Female,Affluent Customer,0 Emmet Trail,4128,QLD,63,gold
Wheeler,Godsil,Male,Affluent Customer,7 Spaight Drive,2147,NSW,30,silver
Marissa,O'Scandall,Female,Affluent Customer,45000 Randy Court,3199,VIC,50,bronze
Terrel,Keynd,Male,Mass Customer,65 David Pass,4221,QLD,62,basic
Augie,Swallwell,Male,Affluent Customer,7 Golden Leaf Avenue,2400,NSW,84,silver
Dillon,Bannister,Male,Mass Customer,43 Dayton Drive,2062,NSW,77,silver
Osbourn,Gherardini,Male,High Net Worth,5 Dryden Road,2782,NSW,36,basic
Lissa,Gawn,Female,Mass Customer,14183 Iowa Center,4503,QLD,61,silver
Leisha,McConway,Female,Mass Customer,95 Del Mar Court,3175,VIC,47,basic
Kearney,Cuddehy,Male,Mass Customer,98 Shoshone Road,4207,QLD,26,silver
Shellysheldon,Bichard,Male,Mass Customer,7199 Springview Parkway,4503,QLD,69,silver
Reinhard,Oscroft,Male,High Net Worth,045 Magdeline Court,3690,VIC,73,basic
Menard,Venmore,Male,High Net Worth,5 Hoard Trail,2197,NSW,45,silver
Andree,Breeds,Female,Affluent Customer,93 Scofield Pass,3152,VIC,69,bronze
Kata,Harrop,Female,Affluent Customer,2 Ridgeway Avenue,2196,NSW,73,gold
Pierrette,Gummie,Female,Affluent Customer,29 Maple Trail,3143,VIC,57,gold
Nady,Withinshaw,Female,High Net Worth,7 Brentwood Circle,4000,QLD,55,platinum
Demott,Mullaly,Male,Mass Customer,28 Hazelcrest Drive,2525,NSW,40,bronze
Wendye,Kleinplatz,Female,Affluent Customer,01 Reindahl Circle,4132,QLD,27,basic
Irvin,Bevans,Male,Mass Customer,5880 Hauk Street,2046,NSW,61,basic
Madella,Marquiss,Female,Affluent Customer,0 Larry Park,3175,VIC,47,bronze
Austine,Speedy,Female,High Net Worth,69 Sunfield Terrace,2558,NSW,83,silver
Wolf,Craft,Male,Affluent Customer,7513 Swallow Drive,2148,NSW,28,bronze
Aldin,Newsome,Male,Mass Customer,058 Morningstar Center,2127,NSW,42,silver
Sindee,Jasik,Female,Mass Customer,0689 Melby Park,4030,QLD,81,basic
Truman,Arlett,Male,High Net Worth,3 Spohn Circle,2477,NSW,65,silver
Gordon,Rewan,Male,Mass Customer,91 Calypso Trail,2750,NSW,35,gold
Israel,Brough,Male,Mass Customer,43863 Victoria Lane,2281,NSW,47,silver
Leticia,Hovenden,Female,Mass Customer,54782 Lake View Parkway,3178,VIC,26,bronze
Caritta,Compston,Female,Mass Customer,48971 Marquette Point,3976,VIC,65,bronze
Annabelle,Hanwell,Female,High Net Worth,99 Sherman Parkway,3083,VIC,71,basic
Darryl,Hovee,Female,Mass Customer,381 Emmet Terrace,2047,NSW,79,bronze
Orly,Nesbitt,Female,High Net Worth,7 Beilfuss Road,3163,VIC,38,silver
Margette,Gibard,Female,Affluent Customer,37068 Montana Street,2011,NSW,81,basic
Nicol,Bertot,Female,Affluent Customer,7 Elgar Hill,3060,VIC,46,gold
Nobe,Trowsdale,Male,Mass Customer,36506 Bartillon Point,3816,VIC,55,bronze
Stephen,Tittershill,Male,High Net Worth,8 Scott Drive,3150,VIC,31,bronze
Giselbert,Pickring,Male,Affluent Customer,653 2nd Park,2766,NSW,64,silver
Shane,Diss,Female,High Net Worth,22 Shelley Plaza,3198,VIC,43,basic
Lisette,Davers,Female,High Net Worth,504 Stuart Pass,2130,NSW,83,bronze
Kippar,Whyatt,Male,Mass Customer,264 Valley Edge Pass,2259,NSW,63,gold
Xenia,Maleck,Female,Mass Customer,5 Southridge Hill,3029,VIC,63,bronze
Essie,Withur,Female,High Net Worth,539 Graceland Pass,3444,VIC,82,bronze
Cecil,Gant,Male,High Net Worth,22435 Barnett Court,2145,NSW,47,bronze
Lillis,Eshmade,Female,Mass Customer,46057 Harbort Hill,4304,QLD,49,basic
Ted,Izacenko,Male,High Net Worth,2 Shasta Place,3130,VIC,64,basic
Nixie,Shoesmith,Female,Affluent Customer,77608 Donald Center,4516,QLD,66,bronze
Briana,Trill,Female,High Net Worth,0433 La Follette Road,2137,NSW,79,gold
Cobbie,Bruyett,Male,Mass Customer,8593 Prairie Rose Way,2500,NSW,67,bronze
Wrennie,Dwelly,Female,Mass Customer,179 Carey Terrace,3020,VIC,83,basic
Sibylla,Kibble,Female,High Net Worth,3 Ruskin Hill,2122,NSW,61,bronze
Kariotta,Naper,Female,Mass Customer,87 Crescent Oaks Alley,2756,NSW,71,bronze
Wylie,Huntingdon,Male,Mass Customer,08822 Duke Road,2763,NSW,57,basic
Lizbeth,Garvan,Female,Mass Customer,5 Schurz Street,2141,NSW,27,bronze
Averil,Ackery,Male,Mass Customer,344 Darwin Junction,2093,NSW,53,basic
Myrtie,Ostrich,Female,Affluent Customer,320 Acker Drive,2251,NSW,27,bronze
Ross,Vidgen,Male,Affluent Customer,2874 Bay Hill,4032,QLD,75,bronze
Sibby,Skinner,Female,Mass Customer,3 Sunbrook Alley,4178,QLD,42,gold
Selle,Casper,Female,Mass Customer,34 Jay Hill,2880,NSW,45,silver
Andrew,Froment,Male,High Net Worth,78 Bluestem Road,3860,VIC,46,bronze
Maurizia,Ritmeyer,Female,Mass Customer,0 Express Lane,2142,NSW,43,bronze
Keenan,Moriarty,Male,Mass Customer,077 Hansons Point,4075,QLD,28,bronze
Davide,Senten,Male,Mass Customer,23737 Bartillon Street,2171,NSW,82,basic
Renie,Fiveash,Female,High Net Worth,2 Anniversary Trail,4508,QLD,31,gold
Willard,Booton,Male,High Net Worth,05 Ronald Regan Alley,2121,NSW,85,bronze
Debby,Balmadier,Female,Affluent Customer,738 Spaight Drive,3216,VIC,31,silver
Rockie,MacKibbon,Male,Mass Customer,8 Bunker Hill Court,2298,NSW,45,basic
Harvey,Dwelley,Male,Affluent Customer,59846 2nd Pass,2077,NSW,50,silver
Patrice,Pariss,Male,Mass Customer,3745 Thierer Trail,4078,QLD,69,silver
Arman,Yakubov,Male,High Net Worth,11121 Jackson Crossing,2323,NSW,46,silver
Gardiner,Gypps,Male,Mass Customer,1 Elgar Alley,2166,NSW,32,bronze
Cathleen,Le Teve,Female,High Net Worth,32834 Caliangt Way,4211,QLD,72,bronze
Thaddus,Joder,Male,Mass Customer,27185 Fisk Drive,2290,NSW,65,basic
Josepha,Clamp,Female,High Net Worth,2 Harper Junction,2069,NSW,61,basic
Jillane,Simion,Female,High Net Worth,7 Caliangt Street,4209,QLD,49,basic
Lynnell,Shoesmith,Female,High Net Worth,5331 Ilene Parkway,2560,NSW,42,gold
Mandie,MacAdie,Female,High Net Worth,1009 Roxbury Point,2110,NSW,48,basic
Ferdinand,Billie,Male,Mass Customer,660 Carey Avenue,2759,NSW,58,basic
Suzy,Bussens,Female,Mass Customer,25 Oneill Alley,4102,QLD,50,silver
Emeline,Vezey,Female,Affluent Customer,2 Golden Leaf Parkway,3759,VIC,70,gold
Cissiee,Baylis,Female,High Net Worth,18 Dottie Park,2230,NSW,72,basic
Roldan,Raybould,Male,Mass Customer,85 Badeau Pass,3158,VIC,47,bronze
Barth,Weare,Male,Mass Customer,784 Lotheville Court,2541,NSW,77,gold
Alta,Pithcock,Female,Mass Customer,57568 Northview Junction,2141,NSW,23,basic
Marc,Keunemann,Male,Affluent Customer,283 Golf View Lane,2747,NSW,51,silver
Bertine,Smalles,Female,Mass Customer,7 Johnson Hill,3028,VIC,39,silver
Wilbert,O'Loughnan,Male,Mass Customer,22580 Doe Crossing Drive,4055,QLD,40,bronze
Seymour,Fellibrand,Male,Affluent Customer,96081 Lakewood Hill,4650,QLD,52,silver
Miran,Runchman,Female,Mass Customer,6634 Old Gate Parkway,4304,QLD,48,silver
Dorotea,Fenwick,Female,High Net Worth,72 Lukken Crossing,2016,NSW,73,basic
Jenny,Massy,Female,Mass Customer,6 Meadow Ridge Pass,2470,NSW,60,silver
Hyman,Petrolli,Male,Affluent Customer,290 Menomonie Circle,3782,VIC,58,gold
Beatrix,McGivena,Female,Mass Customer,6 Sutherland Parkway,4879,QLD,57,bronze
Nalani,Hallad,Female,Affluent Customer,1 Oriole Crossing,3184,VIC,23,basic
Inglebert,Butland,Male,Mass Customer,51837 Canary Center,2114,NSW,57,bronze
Brendis,Pineaux,Male,Mass Customer,43030 Carberry Way,2560,NSW,45,silver
Jaimie,Lancastle,Male,Mass Customer,0 Bay Drive,2750,NSW,51,bronze
Glendon,Malham,Male,Mass Customer,6 Anzinger Pass,3030,VIC,58,silver
Morganica,Bentke,Female,Affluent Customer,19453 Ramsey Point,3067,VIC,46,bronze
Calida,Schaben,Female,Mass Customer,1861 Chive Court,2199,NSW,54,gold
Hallsy,Voysey,Male,Mass Customer,9 Westerfield Point,3437,VIC,53,silver
Lanny,Currall,Male,High Net Worth,3 Redwing Center,2209,NSW,26,platinum
Son,Varney,Male,Mass Customer,189 Bayside Court,2480,NSW,29,gold
Bartram,Caltun,Male,Affluent Customer,174 Farwell Point,2121,NSW,67,bronze
Halette,Borsi,Female,Affluent Customer,356 Pennsylvania Point,2128,NSW,61,silver
Killie,Densie,Male,Mass Customer,62 Dryden Junction,2042,NSW,26,bronze
Mandi,Adamsson,Female,Mass Customer,25 Westerfield Road,4165,QLD,31,bronze
Kylila,Basezzi,Female,Mass Customer,64 Armistice Point,4217,QLD,78,basic
Yardley,Matten,Male,Mass Customer,74 Everett Court,4408,QLD,32,basic
Shepperd,Leonards,Male,Mass Customer,38 Nobel Lane,2147,NSW,42,bronze
Hamel,Curzey,Male,Mass Customer,6936 Homewood Avenue,4000,QLD,33,silver
Fancie,Woofendell,Female,Mass Customer,8 Crowley Center,4212,QLD,57,basic
Zebulen,Emtage,Male,High Net Worth,44 Ronald Regan Parkway,4352,QLD,60,gold
Micheil,Fleote,Male,High Net Worth,174 Lotheville Crossing,2093,NSW,48,silver
Cecily,Faircley,Female,Affluent Customer,8 Bluejay Road,4301,QLD,76,basic
Glory,Chilcott,Female,High Net Worth,4286 Rowland Circle,4165,QLD,84,basic
Sinclair,Wark,Male,Mass Customer,44 Thompson Center,2134,NSW,49,bronze
Tomaso,Horsley,Male,Mass Customer,70360 Onsgard Plaza,3977,VIC,22,gold
Gilli,Christophers,Female,Affluent Customer,53870 Jay Pass,4575,QLD,75,silver
Errick,Burgin,Male,Mass Customer,417 Killdeer Alley,2650,NSW,25,bronze
Damian,Renard,Male,Affluent Customer,28 Prentice Trail,2155,NSW,47,silver
Agnola,Batterson,Female,Mass Customer,216 Bultman Park,4305,QLD,43,basic
Riki,Wandtke,Female,Mass Customer,435 Mitchell Street,4115,QLD,61,gold
Mikol,Eck,Male,Mass Customer,15621 Twin Pines Crossing,4130,QLD,48,silver
Phyllis,Wibberley,Female,Affluent Customer,03 Bellgrove Avenue,2066,NSW,52,gold
Burt,Vasechkin,Male,Mass Customer,89100 Rusk Crossing,3338,VIC,73,silver
Trudie,Phinnessy,Female,Mass Customer,077 Dennis Lane,3030,VIC,63,platinum
Frederigo,Cribbott,Male,Mass Customer,42280 Namekagon Crossing,2140,NSW,58,basic
Glenda,Eliet,Female,Mass Customer,1 Fordem Way,3844,VIC,49,basic
Darb,,Male,Affluent Customer,780 Bonner Pass,4034,QLD,54,silver
Cal,Van den Velde,Male,Affluent Customer,77916 Moland Park,3174,VIC,27,silver
Stephani,Sidsaff,Female,Mass Customer,00 Southridge Avenue,2036,NSW,50,bronze
Meade,Bampton,Male,High Net Worth,7870 Stuart Crossing,2090,NSW,41,basic
Flore,Cashen,Female,High Net Worth,4 Vera Pass,2640,NSW,45,bronze
Leighton,Firbanks,Male,Affluent Customer,7234 Sycamore Pass,4178,QLD,49,bronze
Petr,Westman,Male,Mass Customer,98454 Dapin Park,4556,QLD,35,silver
Yorgos,Dewhurst,Male,Affluent Customer,4 Talmadge Road,4701,QLD,73,gold
Simmonds,Bapty,Male,Affluent Customer,47 Susan Park,2025,NSW,21,gold
Hagen,MacCarter,Male,Affluent Customer,7 Ramsey Trail,3172,VIC,40,basic
Cazzie,Stanwix,Male,High Net Worth,6026 Mallory Drive,4561,QLD,63,gold
Geoff,Gwillym,Male,Affluent Customer,1 Eliot Plaza,2323,NSW,24,bronze
Simonette,,Female,Affluent Customer,66 Hoffman Court,2232,NSW,33,silver
Deirdre,Sturgeon,Female,Mass Customer,7 Sycamore Terrace,2232,NSW,57,bronze
Andrea,Pendle,Female,High Net Worth,31281 Meadow Valley Way,4500,QLD,85,gold
Juliann,Siemantel,Female,Mass Customer,28 Parkside Park,3046,VIC,75,silver
Janaye,Eade,Female,Affluent Customer,2782 Northridge Street,2420,NSW,38,basic
Dylan,Stranio,Male,High Net Worth,3662 Beilfuss Lane,2170,NSW,70,silver
Mel,Rochford,Female,Mass Customer,56334 Vera Crossing,3013,VIC,34,basic
Elvin,Trayhorn,Male,High Net Worth,79 Sheridan Point,2231,NSW,30,gold
Sonni,Milligan,Female,Mass Customer,04769 Dahle Plaza,3170,VIC,35,basic
Kellina,Haygreen,Female,Affluent Customer,5731 Bunker Hill Lane,2046,NSW,57,basic
Yuma,Dennick,Male,Mass Customer,89244 Macpherson Trail,2528,NSW,50,silver
Ashleigh,,Female,Mass Customer,922 Utah Avenue,3204,VIC,27,bronze
Therese,Brotherhood,Female,Mass Customer,25044 Bay Avenue,2042,NSW,42,gold
Pansie,Beccero,Female,Affluent Customer,315 Hudson Road,4818,QLD,59,silver
Reinaldos,Simmig,Male,High Net Worth,6112 Mariners Cove Park,3147,VIC,68,basic
Calhoun,Mussington,Male,Mass Customer,176 Fallview Plaza,2019,NSW,31,silver
Winn,Wells,Male,Affluent Customer,544 Pawling Road,2230,NSW,29,basic
Rafi,Brettelle,Male,High Net Worth,11 Brickson Park Alley,2166,NSW,67,silver
Fey,,Female,High Net Worth,77 Paget Park,3147,VIC,66,gold
Verne,Loalday,Male,High Net Worth,598 Memorial Place,2082,NSW,41,silver
Eleonora,Wiszniewski,Female,Affluent Customer,6227 Quincy Terrace,4740,QLD,43,bronze
Fayre,Brannigan,Female,Mass Customer,31351 Sunbrook Place,2234,NSW,31,bronze
Eachelle,Noirel,Female,Affluent Customer,80 Schiller Center,2292,NSW,49,platinum
Carl,Troyes,Male,Mass Customer,1217 Melody Alley,3109,VIC,50,silver
Cordie,Brankley,Female,High Net Worth,46 Westerfield Place,2195,NSW,69,bronze
Jackie,Pays,Male,Mass Customer,75024 Ronald Regan Hill,2135,NSW,67,silver
Carroll,Schlagman,Female,Affluent Customer,15 Fisk Road,2099,NSW,72,silver
Frans,Idale,Male,Mass Customer,96 Hermina Place,4350,QLD,54,gold
Amara,Clow,Female,Mass Customer,99376 Namekagon Street,3101,VIC,56,gold
Anthony,Morison,Male,Mass Customer,276 Derek Circle,2759,NSW,85,basic
Cherye,Stanfield,Female,Affluent Customer,56766 Mariners Cove Place,2256,NSW,42,silver
Ansell,Tolhurst,Male,Affluent Customer,13 Montana Place,2232,NSW,74,bronze
Erminie,Rabidge,Female,High Net Worth,1969 Melody Lane,2170,NSW,41,bronze
Rosene,Beckey,Female,Mass Customer,02463 Portage Center,2107,NSW,49,silver
Darlleen,Shalcras,Female,Mass Customer,383 Graceland Avenue,2010,NSW,43,bronze
Bryon,Goundry,Male,Mass Customer,005 Kensington Street,4165,QLD,72,basic
Sherwin,Minocchi,Male,Mass Customer,1 Alpine Crossing,2536,NSW,76,gold
Luci,Dyter,Female,High Net Worth,2 Namekagon Trail,3981,VIC,71,basic
Sloan,Pudney,Male,Affluent Customer,6771 Pleasure Terrace,4557,QLD,58,bronze
Otes,Elegood,Male,High Net Worth,2632 Del Mar Point,2226,NSW,82,bronze
Davie,Blay,Male,Mass Customer,7021 5th Alley,2770,NSW,37,silver
Dorolice,Osmon,Female,Affluent Customer,602 Clove Center,3046,VIC,62,bronze
Meade,McReedy,Female,Affluent Customer,04153 Johnson Point,2193,NSW,54,bronze
Rikki,Chaffey,Male,Mass Customer,9 Spohn Way,4127,QLD,78,basic
Adria,Van den Velde,Female,Affluent Customer,6030 Becker Plaza,2261,NSW,45,silver
Dmitri,,Male,High Net Worth,4 Mallory Pass,3690,VIC,32,gold
Maddalena,Hencke,Female,High Net Worth,64037 Swallow Crossing,4170,QLD,70,bronze
Rand,Winchcum,Male,Affluent Customer,4594 Jackson Hill,2146,NSW,23,basic
Rowen,Sollas,Male,Mass Customer,4 Anzinger Street,4556,QLD,63,basic
Boothe,Hayselden,Male,Mass Customer,33 Pond Point,2291,NSW,83,basic
Noak,Sleany,Male,Affluent Customer,1 Roth Plaza,3121,VIC,58,basic
Callean,Wass,Male,Affluent Customer,0593 Stoughton Center,3073,VIC,34,gold
Keelby,Sudlow,Male,High Net Worth,8042 Cherokee Court,3163,VIC,35,silver
Rodrique,Vernon,Male,Affluent Customer,5864 Mcbride Trail,3174,VIC,45,bronze
Brod,Attrey,Male,Mass Customer,180 Lakewood Park,2194,NSW,56,bronze
Manny,Mandy,Male,Mass Customer,6 Union Center,4280,QLD,46,bronze
Becky,Lassen,Female,Mass Customer,41153 Pond Park,2251,NSW,50,gold
Tessa,Heakey,Female,Mass Customer,6233 Fulton Point,3337,VIC,52,silver
Herbert,Henryson,Male,Mass Customer,05123 Bobwhite Plaza,2528,NSW,28,bronze
Cristie,Bence,Female,High Net Worth,3413 Schmedeman Court,4122,QLD,23,basic
Renate,Whyte,Female,High Net Worth,4189 Laurel Center,2620,NSW,59,gold
Toma,Woolforde,Female,Mass Customer,76 Melody Avenue,2092,NSW,31,bronze
Dorie,Dunleavy,Female,Affluent Customer,1 Mcguire Lane,3356,VIC,61,basic
Ellie,Toope,Female,High Net Worth,8734 Fulton Hill,2156,NSW,50,bronze
Leonora,Swetenham,Female,Mass Customer,660 Hallows Place,2026,NSW,56,bronze
Teodor,Mullinder,Male,High Net Worth,43 Pond Junction,3216,VIC,61,silver
Jared,Fendlow,Male,Mass Customer,6195 Bellgrove Lane,4211,QLD,60,silver
Andy,Deeming,Male,Affluent Customer,63386 Talisman Hill,4556,QLD,44,bronze
Monty,Thomazin,Male,Mass Customer,30738 Muir Avenue,3105,VIC,72,bronze
Briano,Janowski,Male,Mass Customer,3259 Eagan Parkway,2066,NSW,29,gold
Ginger,,Male,Mass Customer,160 Fremont Point,2259,NSW,84,basic
Logan,Colomb,Male,Mass Customer,266 Lakewood Terrace,2761,NSW,75,silver
Nichols,Devinn,Male,Affluent Customer,5280 Waxwing Point,2071,NSW,44,gold
Catha,Davitt,Female,High Net Worth,192 South Junction,2567,NSW,65,silver
Melosa,McOwan,Female,Mass Customer,900 Victoria Way,2211,NSW,22,basic
Maris,Leete,Female,Mass Customer,06 Main Alley,4300,QLD,50,basic
Wilburt,Padden,Male,Mass Customer,22 Muir Avenue,2148,NSW,29,basic
Rosabelle,Godsmark,Female,Mass Customer,4871 Caliangt Hill,4102,QLD,28,bronze
Guilbert,Bearns,Male,Mass Customer,47776 Packers Street,3226,VIC,41,gold
Meridith,Urwin,Female,High Net Worth,535 Graedel Circle,2444,NSW,26,gold
Leeland,,Male,High Net Worth,9 Stephen Center,4122,QLD,66,basic
Gerta,Porrett,Female,High Net Worth,074 Badeau Crossing,3250,VIC,63,silver
Karrah,Howell,Female,Mass Customer,4897 Melody Road,2566,NSW,66,silver
Alick,Baise,Male,Mass Customer,096 Gateway Road,2747,NSW,25,bronze
Casandra,Betteridge,Female,Affluent Customer,68 Bluestem Center,3166,VIC,81,bronze
Maurine,Clee,Female,High Net Worth,6 Maple Plaza,2042,NSW,43,gold
Darwin,Bumpas,Male,Affluent Customer,6812 Gina Point,3082,VIC,44,basic
Hayes,Daveren,Male,Affluent Customer,1 Becker Parkway,4350,QLD,70,gold
Piper,Issacov,Female,Affluent Customer,52201 Tony Avenue,2088,NSW,83,silver
Markus,Pendrey,Male,Affluent Customer,2382 Anthes Crossing,2153,NSW,64,basic
Sile,Zappel,Female,High Net Worth,44350 Buell Alley,4018,QLD,65,basic
Craggy,Happel,Male,High Net Worth,23 Del Sol Alley,3064,VIC,44,basic
Egor,Mariette,Male,Affluent Customer,79 Mockingbird Plaza,3163,VIC,42,bronze
Reinald,Bembrigg,Male,Affluent Customer,858 Portage Hill,2770,NSW,70,silver
Kissie,Line,Female,Affluent Customer,629 Grasskamp Junction,2200,NSW,23,bronze
Quentin,Gerleit,Female,Mass Customer,88 Aberg Circle,3806,VIC,33,basic
Karoly,Burgoine,Male,High Net Worth,18 Morning Circle,3012,VIC,76,basic
Clarine,Piecha,Female,High Net Worth,7523 Eggendart Hill,4151,QLD,58,basic
Mycah,Beaston,Male,High Net Worth,2 Mandrake Street,2221,NSW,62,platinum
Clemmie,Bartoszewicz,Female,Mass Customer,727 Morrow Parkway,3197,VIC,65,basic
Randall,Mason,Male,Mass Customer,83497 Memorial Plaza,2570,NSW,49,basic
Donica,Humby,Female,Mass Customer,488 Briar Crest Court,2101,NSW,56,bronze
Lotty,Loach,Female,High Net Worth,78451 South Street,2380,NSW,62,basic
Marie-jeanne,Breawood,Female,High Net Worth,6 Prairieview Pass,2770,NSW,70,basic
Babara,Sissel,Female,Mass Customer,5 Ohio Road,3169,VIC,49,gold
Rodolphe,Glenton,Male,Affluent Customer,4787 Golf Terrace,3163,VIC,49,basic
Thorvald,Duckerin,Male,Affluent Customer,4 Pine View Junction,3021,VIC,28,basic
Paulina,Iannuzzelli,Female,Mass Customer,097 Hollow Ridge Alley,2118,NSW,67,silver
Ricki,Padefield,Male,Affluent Customer,860 Barby Lane,4275,QLD,75,silver
Lizette,McKeaveney,Female,High Net Worth,6412 Butternut Road,2050,NSW,29,bronze
Muffin,Bhar,Male,Affluent Customer,15 Weeping Birch Crossing,2448,NSW,57,silver
Jeno,Strafford,Male,High Net Worth,891 Sachtjen Hill,4170,QLD,82,basic
Brigg,Himsworth,Male,Mass Customer,771 Union Crossing,4570,QLD,50,gold
Judi,Cazereau,Female,Affluent Customer,22 Farmco Avenue,3851,VIC,26,bronze
Raleigh,Pont,Male,Mass Customer,7650 Gulseth Parkway,3139,VIC,58,silver
Zachariah,Meininking,Male,Affluent Customer,24815 Lindbergh Avenue,2749,NSW,85,silver
Lesley,Garey,Male,Mass Customer,924 Lindbergh Court,2226,NSW,29,bronze
Adriena,Giffin,Female,Affluent Customer,1 Manitowish Court,2259,NSW,66,silver
Antoinette,,Female,Affluent Customer,9 Derek Alley,3058,VIC,43,bronze
Carr,Hopkynson,Male,Affluent Customer,5990 Fairfield Pass,2318,NSW,52,gold
Shay,Briand,Male,Mass Customer,1 Mandrake Way,3844,VIC,67,silver
Karney,Burstow,Male,Mass Customer,4011 Prairieview Court,2031,NSW,51,gold
Latrena,Yetts,Female,High Net Worth,53877 Dakota Crossing,2871,NSW,24,bronze
Jesse,Alflat,Male,High Net Worth,49 Northfield Drive,2145,NSW,39,gold
Kelcie,Kingaby,Female,Mass Customer,0 Summit Center,4019,QLD,23,silver
Fabio,Commuzzo,Male,Mass Customer,66 Shopko Circle,3806,VIC,62,silver
Heall,Andrioli,Male,Affluent Customer,370 Eastwood Road,4133,QLD,82,basic
Rickert,Brasted,Male,Mass Customer,20 Hoffman Park,2145,NSW,64,silver
Hedwig,Jayme,Female,Affluent Customer,6293 Hooker Point,2099,NSW,71,basic
Penrod,Tomasicchio,Male,High Net Worth,30 Harper Trail,2318,NSW,55,basic
Pancho,Edis,Male,Mass Customer,64467 Pankratz Pass,3023,VIC,52,bronze
Andriana,Gosnoll,Female,Mass Customer,900 Brown Junction,2291,NSW,59,silver
Nilson,Wiggam,Male,Mass Customer,8845 Spaight Way,3049,VIC,27,gold
Denny,Spleving,Female,Affluent Customer,85420 Myrtle Road,2114,NSW,50,basic
Olia,O' Mullan,Female,Mass Customer,6315 Mendota Parkway,2263,NSW,50,gold
Conway,Juarez,Male,Affluent Customer,66904 American Ash Hill,4814,QLD,56,bronze
Dru,Crellim,Female,Mass Customer,90 Morningstar Drive,3030,VIC,60,basic
Shaw,MacEvilly,Male,Affluent Customer,34020 Sheridan Park,2768,NSW,23,bronze
Brook,Eade,Female,Mass Customer,58 Meadow Valley Court,2330,NSW,65,basic
Aleece,Feige,Female,Mass Customer,2030 Anderson Lane,2141,NSW,48,silver
Dolorita,Strutton,Female,Affluent Customer,07 Acker Pass,3178,VIC,32,basic
Harman,A'field,Male,Affluent Customer,31815 Vermont Drive,4227,QLD,62,gold
Hildegarde,Bamb,Female,High Net Worth,5070 Division Parkway,3910,VIC,62,bronze
Launce,Gale,Male,Mass Customer,4 Fordem Avenue,2777,NSW,84,bronze
Ilise,Clissold,Female,High Net Worth,659 Comanche Plaza,2153,NSW,35,bronze
Julita,Prene,Female,High Net Worth,5 Myrtle Junction,4128,QLD,44,basic
Ashlen,Willbond,Female,High Net Worth,723 Grayhawk Way,3934,VIC,39,bronze
Keely,Bointon,Female,High Net Worth,55 Dorton Point,4154,QLD,35,silver
Poul,Gaskin,Male,High Net Worth,9 Killdeer Circle,2643,NSW,73,silver
Sheilakathryn,Huff,Female,High Net Worth,04 Miller Drive,2477,NSW,65,silver
Rubia,Evetts,Female,Mass Customer,64213 Miller Point,2071,NSW,32,bronze
Francklin,Cross,Male,Mass Customer,24593 Jackson Parkway,2231,NSW,42,gold
Wilone,Champley,Female,High Net Worth,9346 Lyons Point,2077,NSW,39,gold
Lezlie,Clemits,Female,Mass Customer,0504 Nevada Drive,2155,NSW,50,silver
Kathe,Oller,Female,Mass Customer,817 Loftsgordon Road,3029,VIC,64,bronze
Dulce,Bradwell,Female,Mass Customer,30 Lukken Point,4159,QLD,66,silver
Felice,Dechelette,Male,High Net Worth,4 Kingsford Trail,4051,QLD,25,gold
Joane,Caldes,Female,High Net Worth,42 3rd Plaza,2250,NSW,45,silver
Diane,Furman,Female,Affluent Customer,6660 Riverside Circle,3013,VIC,30,silver
Ogdan,Blenkinship,Male,Mass Customer,21712 Texas Court,3429,VIC,72,basic
Kizzee,Agget,Female,Affluent Customer,122 Marcy Park,2213,NSW,47,basic
Stephi,Highton,Female,Mass Customer,293 Mendota Park,2154,NSW,36,bronze
Martino,Scoles,Male,Mass Customer,47 Scofield Junction,3620,VIC,48,bronze
Morgen,Newport,Female,Mass Customer,9 Washington Center,3340,VIC,63,bronze
Eugenie,Brinson,Female,Mass Customer,7109 Grayhawk Avenue,3073,VIC,60,silver
Reinold,Natt,Male,High Net Worth,70 Evergreen Hill,3207,VIC,59,silver
Jo,Roberts,Female,High Net Worth,20139 Lakewood Plaza,2440,NSW,77,silver
Jacklin,Duchant,Female,Mass Customer,9 Memorial Road,4132,QLD,83,bronze
Colas,Gabbitas,Male,High Net Worth,3094 Elka Place,2166,NSW,77,bronze
Claudetta,Ricciardiello,Female,Mass Customer,31 Schurz Parkway,3181,VIC,49,silver
Angele,Cadore,Female,Mass Customer,85894 Amoth Court,4125,QLD,69,gold
Cicily,Hast,Female,Affluent Customer,955 Burning Wood Way,2478,NSW,52,silver
Harland,Messenger,Male,Mass Customer,27 Crownhardt Center,3934,VIC,49,bronze
Sim,Constantinou,Male,Mass Customer,41002 Loomis Park,2010,NSW,31,silver
Shanon,Rolfe,Female,High Net Worth,10 Cottonwood Point,2530,NSW,82,bronze
Chryste,Oddboy,Female,High Net Worth,2115 Maryland Alley,2320,NSW,35,gold
Edin,Patinkin,Female,Mass Customer,6 Milwaukee Hill,3015,VIC,31,bronze
Nolly,Ivanchikov,Male,High Net Worth,6792 Kropf Hill,2049,NSW,29,silver
Michele,Pammenter,Male,High Net Worth,37 Mesta Road,3198,VIC,40,silver
Liane,Abelevitz,Female,Mass Customer,85340 Hovde Way,3153,VIC,46,basic
Philbert,Bangs,Male,Mass Customer,02643 Moose Court,4500,QLD,57,bronze
Candy,,Female,Mass Customer,59252 Maryland Drive,3500,VIC,45,silver
Noami,Cokly,Female,Mass Customer,2886 Buena Vista Terrace,2038,NSW,61,silver
Lyndell,Jereatt,Female,High Net Worth,58770 Monterey Plaza,2122,NSW,28,bronze
Maximilien,Bourget,Male,Mass Customer,2941 Loftsgordon Hill,3337,VIC,54,bronze
Benedikta,Naptin,Female,Mass Customer,345 Fieldstone Park,2121,NSW,28,gold
Rhodie,Gaskall,Female,Mass Customer,251 Pierstorff Alley,4170,QLD,59,basic
Afton,Andrassy,Female,Mass Customer,220 Cody Alley,3075,VIC,25,gold
Blondell,Dibdall,Female,Mass Customer,34 Bunting Pass,3048,VIC,56,basic
Sonia,Dunstall,Female,Mass Customer,99 Park Meadow Hill,2570,NSW,48,silver
Benedikt,Adamou,Male,Mass Customer,4 Bluestem Pass,3564,VIC,36,silver
Don,Spratling,Male,Affluent Customer,078 Erie Point,2760,NSW,54,basic
Moll,Ogilby,Female,Mass Customer,6 Hansons Crossing,4123,QLD,42,gold
Jammie,Seldner,Female,Mass Customer,8 Saint Paul Junction,2066,NSW,48,silver
Inglis,Pickaver,Male,Affluent Customer,14067 Armistice Plaza,2770,NSW,29,basic
Clarabelle,Broschek,Female,Mass Customer,8491 Pennsylvania Crossing,4035,QLD,60,silver
Tillie,Bisseker,Female,High Net Worth,59208 Barnett Avenue,2104,NSW,63,bronze
Irving,Babcock,Male,High Net Worth,36 Killdeer Crossing,2705,NSW,37,gold
Evered,Gludor,Male,High Net Worth,305 Sloan Junction,2168,NSW,72,basic
Mavra,Finan,Female,Affluent Customer,88 Shopko Way,2034,NSW,56,basic
Frieda,Tavinor,Female,Affluent Customer,7 Mallory Lane,3064,VIC,24,bronze
Ellwood,Budden,Male,Mass Customer,79907 Randy Center,2192,NSW,25,bronze
Alex,Patshull,Female,Mass Customer,446 High Crossing Way,4165,QLD,57,basic
Aundrea,Outridge,Female,Affluent Customer,1530 Columbus Lane,3186,VIC,22,bronze
Amby,Bodega,Male,Affluent Customer,669 Declaration Street,3810,VIC,55,silver
Esme,Pilipets,Male,Mass Customer,9 Ruskin Way,3228,VIC,56,gold
Beverly,Domnick,Female,Mass Customer,8 Burning Wood Junction,2232,NSW,84,bronze
Artemis,Swanson,Male,Mass Customer,5 Melvin Park,3810,VIC,46,basic
Daryle,Marginson,Male,Mass Customer,21316 Ohio Place,2121,NSW,37,bronze
Tyne,Anshell,Female,Mass Customer,93 Sutherland Terrace,2560,NSW,31,gold
Leona,Shorrock,Female,Affluent Customer,1560 Grim Avenue,4720,QLD,72,bronze
Bertrando,Carass,Male,Mass Customer,1 Quincy Road,2565,NSW,67,basic
Augusta,Munns,Female,Mass Customer,607 Memorial Avenue,2074,NSW,72,bronze
Lauralee,Fudge,Female,Mass Customer,9460 Monument Park,3277,VIC,36,silver
Consalve,Ballay,Male,Mass Customer,72 Village Terrace,2250,NSW,64,gold
Lolly,Prewer,Female,Mass Customer,694 Coolidge Center,2620,NSW,26,bronze
Vyky,Pegg,Female,Mass Customer,31854 Anniversary Terrace,2322,NSW,80,gold
Kellen,Pawelski,Female,High Net Worth,125 Manufacturers Parkway,2193,NSW,78,gold
Jermaine,Bagshawe,Female,Mass Customer,260 Briar Crest Drive,4209,QLD,69,basic
Bryan,Jachtym,Male,Mass Customer,56 Moland Crossing,3356,VIC,49,basic
Renie,Laundon,Female,Mass Customer,1 Shelley Pass,4118,QLD,49,basic
Weidar,Etheridge,Male,Mass Customer,0535 Jay Point,2422,NSW,64,bronze
Datha,Fishburn,Female,Mass Customer,6 Caliangt Way,3079,VIC,33,bronze
Ferdinand,Romanetti,Male,Affluent Customer,2 Sloan Way,2200,NSW,64,bronze
Burk,Wortley,Male,Mass Customer,04 Union Crossing,2196,NSW,22,bronze
Melloney,Temby,Female,Affluent Customer,33475 Fair Oaks Junction,4702,QLD,69,gold
Dickie,Cubbini,Male,Mass Customer,57666 Victoria Way,4215,QLD,70,bronze
Sylas,Duffill,Male,Mass Customer,21875 Grover Drive,2010,NSW,68,silver
